"lhs","op","rhs","block","group","est","se","z","pvalue","ci.lower","ci.upper","std.lv","std.all"
"riBMI","=~","BMI1",1,1,1,0,NA,NA,1,1,4.45278184511974,0.937966742811677
"riBMI","=~","BMI2",1,1,1,0,NA,NA,1,1,4.45278184511974,0.952280554384029
"riBMI","=~","BMI3",1,1,1,0,NA,NA,1,1,4.45278184511974,0.960553291756726
"riBMI","=~","BMI4",1,1,1,0,NA,NA,1,1,4.45278184511974,0.973556416892892
"riBMI","=~","BMI5",1,1,1,0,NA,NA,1,1,4.45278184511974,0.973275413669937
"riBMI","=~","BMI6",1,1,1,0,NA,NA,1,1,4.45278184511974,0.970857664888721
"riBMI","=~","BMI7",1,1,1,0,NA,NA,1,1,4.45278184511974,0.9631047483273
"riPA","=~","PA1",1,1,1,0,NA,NA,1,1,2.13452876514127,0.697169500463906
"riPA","=~","PA2",1,1,1,0,NA,NA,1,1,2.13452876514127,0.702012663938191
"riPA","=~","PA3",1,1,1,0,NA,NA,1,1,2.13452876514127,0.714623842929915
"riPA","=~","PA4",1,1,1,0,NA,NA,1,1,2.13452876514127,0.662369544233848
"riPA","=~","PA5",1,1,1,0,NA,NA,1,1,2.13452876514127,0.708118800169337
"riPA","=~","PA6",1,1,1,0,NA,NA,1,1,2.13452876514127,0.686851100061932
"riPA","=~","PA7",1,1,1,0,NA,NA,1,1,2.13452876514127,0.662920742257888
"riFV","=~","FV1",1,1,1,0,NA,NA,1,1,0.511108477584461,0.721760803079491
"riFV","=~","FV2",1,1,1,0,NA,NA,1,1,0.511108477584461,0.725370767518027
"riFV","=~","FV3",1,1,1,0,NA,NA,1,1,0.511108477584461,0.722743749190853
"riFV","=~","FV4",1,1,1,0,NA,NA,1,1,0.511108477584461,0.737734065724723
"riFV","=~","FV5",1,1,1,0,NA,NA,1,1,0.511108477584461,0.739853077457671
"riFV","=~","FV6",1,1,1,0,NA,NA,1,1,0.511108477584461,0.728213807354457
"riFV","=~","FV7",1,1,1,0,NA,NA,1,1,0.511108477584461,0.724573356992601
"wBMI1","=~","BMI1",1,1,1,0,NA,NA,1,1,1.6459984840398,0.346725236144204
"wPA1","=~","PA1",1,1,1,0,NA,NA,1,1,2.19495715848653,0.716906331136019
"wFV1","=~","FV1",1,1,1,0,NA,NA,1,1,0.490134592935635,0.692142574285131
"wBMI2","=~","BMI2",1,1,1,0,NA,NA,1,1,1.42720155835637,0.305224091025014
"wPA2","=~","PA2",1,1,1,0,NA,NA,1,1,2.1653961614116,0.71216446111162
"wFV2","=~","FV2",1,1,1,0,NA,NA,1,1,0.485028920095887,0.688358372964482
"wBMI3","=~","BMI3",1,1,1,0,NA,NA,1,1,1.2891535934493,0.278095979286503
"wPA3","=~","PA3",1,1,1,0,NA,NA,1,1,2.08938167651921,0.69950894427168
"wFV3","=~","FV3",1,1,1,0,NA,NA,1,1,0.488742104721319,0.691116106747303
"wBMI4","=~","BMI4",1,1,1,0,NA,NA,1,1,1.04485305875747,0.228446718353916
"wPA4","=~","PA4",1,1,1,0,NA,NA,1,1,2.41427229562435,0.749177273328179
"wFV4","=~","FV4",1,1,1,0,NA,NA,1,1,0.467709128004987,0.675091436969297
"wBMI5","=~","BMI5",1,1,1,0,NA,NA,1,1,1.05061842721682,0.229640957029912
"wPA5","=~","PA5",1,1,1,0,NA,NA,1,1,2.12842320295156,0.706093311713642
"wFV5","=~","FV5",1,1,1,0,NA,NA,1,1,0.464764806112354,0.67276847709774
"wBMI6","=~","BMI6",1,1,1,0,NA,NA,1,1,1.09917200538421,0.239656826580883
"wPA6","=~","PA6",1,1,1,0,NA,NA,1,1,2.25867233851402,0.726798160663409
"wFV6","=~","FV6",1,1,1,0,NA,NA,1,1,0.481023845084097,0.685350020630572
"wBMI7","=~","BMI7",1,1,1,0,NA,NA,1,1,1.24427068587665,0.269126817224535
"wPA7","=~","PA7",1,1,1,0,NA,NA,1,1,2.41069459145879,0.748689581525114
"wFV7","=~","FV7",1,1,1,0,NA,NA,1,1,0.486154751106555,0.689197685962797
"wBMI2","~","wBMI1",1,1,0.534158720283683,0.0471568647330978,11.3272738403403,0,0.441732963782984,0.626584476784382,0.616047844591854,0.616047844591854
"wBMI2","~","wPA1",1,1,-0.00520090183889835,0.0157530003303661,-0.330153096542053,0.741284285086954,-0.0360762151348634,0.0256744114570667,-0.0079986997316781,-0.0079986997316781
"wBMI2","~","wFV1",1,1,0.0160795067512423,0.0827332296140615,0.194353669332756,0.845898964657587,-0.146074643617001,0.178233657119485,0.00552208092121352,0.00552208092121352
"wPA2","~","wBMI1",1,1,0.00263642990698353,0.0532967318312876,0.0494670088839449,0.960547128095601,-0.10182324497603,0.107096104789997,0.0020040488237234,0.0020040488237234
"wPA2","~","wPA1",1,1,0.370100383689149,0.0867636346490266,4.26561640929714,1.99351037235562e-05,0.200046784609266,0.540153982769033,0.375152824694926,0.375152824694926
"wPA2","~","wFV1",1,1,0.114651777243642,0.125676516222282,0.912276857204243,0.361622993875459,-0.131669668254495,0.360973222741779,0.0259512800336852,0.0259512800336852
"wFV2","~","wBMI1",1,1,0.0244699681335151,0.0107077238573249,2.28526327906521,0.0222973947318215,0.00348321501675797,0.0454567212502723,0.0830415028536966,0.0830415028536966
"wFV2","~","wPA1",1,1,0.00675471617283452,0.00814477435225358,0.829331284170635,0.406916973122326,-0.00920874821978805,0.0227181805654571,0.0305678940014067,0.0305678940014067
"wFV2","~","wFV1",1,1,0.120452119260667,0.0401888600783736,2.99715192284054,0.00272514867659313,0.0416834009273352,0.199220837593999,0.121720062445741,0.121720062445741
"wBMI3","~","wBMI2",1,1,0.489311049815978,0.0664329907223141,7.36548278943618,1.765254609154e-13,0.359104780614959,0.619517319016997,0.541708525940531,0.541708525940531
"wBMI3","~","wPA2",1,1,-0.0388525304661902,0.017889314482265,-2.17182891522801,0.0298685698113503,-0.0739149425595403,-0.00379011837284013,-0.0652607422111059,-0.0652607422111059
"wBMI3","~","wFV2",1,1,-0.024842479812775,0.0863051152026402,-0.287844813768524,0.773465531951826,-0.19399739729153,0.14431243766598,-0.00934669167221155,-0.00934669167221155
"wPA3","~","wBMI2",1,1,-0.0983029147626873,0.0526366549258925,-1.86757526482427,0.0618212968440013,-0.2014688626841,0.00486303315872486,-0.0671481303377801,-0.0671481303377801
"wPA3","~","wPA2",1,1,0.352188094946102,0.112893226770084,3.11965655533401,0.0018106201517587,0.130921436378224,0.57345475351398,0.36500116635542,0.36500116635542
"wPA3","~","wFV2",1,1,0.209731704494735,0.135511374942884,1.54770553086879,0.121693209863626,-0.0558657098888199,0.47532911887829,0.0486871035982382,0.0486871035982382
"wFV3","~","wBMI2",1,1,0.00990075025850194,0.0129926084867527,0.762029446865638,0.44604242941558,-0.0155642944407628,0.0353657949577666,0.0289117022276777,0.0289117022276777
"wFV3","~","wPA2",1,1,0.00179203847338648,0.00769446748489254,0.232899609609762,0.815839361593963,-0.0132888406772174,0.0168729176239903,0.00793971543250942,0.00793971543250942
"wFV3","~","wFV2",1,1,0.134541415870304,0.0386737755790864,3.47887977979218,0.000503514415740813,0.0587422085891104,0.210340623151498,0.133519246689325,0.133519246689325
"wBMI4","~","wBMI3",1,1,0.332857951319524,0.0669714595993506,4.97014628784873,6.69024055266476e-07,0.201596302512718,0.46411960012633,0.410684565121554,0.410684565121554
"wBMI4","~","wPA3",1,1,0.00385670720216455,0.0190224618854659,0.202744903650524,0.839334423934162,-0.0334266329906345,0.0411400473949636,0.0077122168446202,0.0077122168446202
"wBMI4","~","wFV3",1,1,-0.0388997691842241,0.0726791200286038,-0.535226199339159,0.592493451740963,-0.181348226868351,0.103548688499903,-0.0181958170145763,-0.0181958170145763
"wPA4","~","wBMI3",1,1,-0.0158600818380184,0.0908688831385482,-0.174538095883015,0.861442594028869,-0.193959820104952,0.162239656428915,-0.00846883822132992,-0.00846883822132992
"wPA4","~","wPA3",1,1,0.205739028297594,0.131081011078051,1.56955631182222,0.116518369094618,-0.0511750324724818,0.462653089067669,0.178052557140698,0.178052557140698
"wPA4","~","wFV3",1,1,-0.144718273988745,0.163685209907475,-0.884125536268964,0.376628449595673,-0.465535390209275,0.176098842231786,-0.0292965768397737,-0.0292965768397737
"wFV4","~","wBMI3",1,1,0.0147165161790792,0.0151806877893107,0.969423545449743,0.332333909288523,-0.0150370851485167,0.0444701175066751,0.0405633514065442,0.0405633514065442
"wFV4","~","wPA3",1,1,0.00704503879046616,0.0091332140398783,0.771364687141399,0.440490800015231,-0.0108557317907909,0.0249458093717232,0.031472071160882,0.031472071160882
"wFV4","~","wFV3",1,1,0.067706952573303,0.0355712948224501,1.9034154621375,0.0569863550201384,-0.00201150416215524,0.137425409308761,0.0707517483058183,0.0707517483058183
"wBMI5","~","wBMI4",1,1,0.190769547760664,0.0992712210462642,1.92170042586419,0.0546434636472832,-0.00379847019132876,0.385337565712656,0.189722681738545,0.189722681738545
"wBMI5","~","wPA4",1,1,-0.0190132771501868,0.0167608003406282,-1.13438957351569,0.256631170694001,-0.0518638421698847,0.0138372878695111,-0.0436916268395604,-0.0436916268395604
"wBMI5","~","wFV4",1,1,0.00496871522432955,0.0965151082937767,0.0514812169013536,0.958942068743542,-0.184197420995456,0.194134851444115,0.00221194812947696,0.00221194812947696
"wPA5","~","wBMI4",1,1,0.0963076922271468,0.139097413633359,0.692375866031558,0.488701317767704,-0.176318228836907,0.368933613291201,0.0472779035042766,0.0472779035042766
"wPA5","~","wPA4",1,1,-0.0550463671050753,0.078783974146578,-0.69870005545368,0.484739499289791,-0.209460118991303,0.0993673847811522,-0.0624391422214614,-0.0624391422214614
"wPA5","~","wFV4",1,1,-0.0845553094900973,0.15734941843123,-0.537372875814298,0.591010075499129,-0.392954502603631,0.223843883623436,-0.0185805576705627,-0.0185805576705627
"wFV5","~","wBMI4",1,1,-0.0341167747770594,0.027104255728041,-1.25872391108543,0.208130071683078,-0.0872401398317832,0.0190065902776644,-0.0766990443595091,-0.0766990443595091
"wFV5","~","wPA4",1,1,0.00216014552987648,0.00637622025469007,0.338781510611647,0.734774330876392,-0.0103370165268109,0.0146573075865638,0.0112211153656863,0.0112211153656863
"wFV5","~","wFV4",1,1,0.0927022230588682,0.0407277839092474,2.27614208682294,0.0228375067996178,0.0128772334266135,0.172527212691123,0.0932894989912503,0.0932894989912503
"wBMI6","~","wBMI5",1,1,0.273790681787137,0.144164626330599,1.89915299443346,0.0575443630280197,-0.00876679366551048,0.556348157239785,0.261696562573278,0.261696562573278
"wBMI6","~","wPA5",1,1,-0.016923937173109,0.0193900936254392,-0.872813587186879,0.382764692516002,-0.0549278223358296,0.0210799479896115,-0.0327713045711609,-0.0327713045711609
"wBMI6","~","wFV5",1,1,-0.145299352812654,0.0980820251110504,-1.4814065334412,0.138498274775058,-0.337536589561066,0.046937883935758,-0.0614371774457801,-0.0614371774457801
"wPA6","~","wBMI5",1,1,-0.098031126392496,0.100671940066011,-0.973768125738083,0.330171682682175,-0.295344503175652,0.0992822503906601,-0.0455990477558763,-0.0455990477558763
"wPA6","~","wPA5",1,1,0.243318842533514,0.121801641120236,1.99766473009443,0.0457530204206711,0.00459201267997988,0.482045672387049,0.229287560365823,0.229287560365823
"wPA6","~","wFV5",1,1,-0.373212504731035,0.177238283017007,-2.10571045023734,0.0352295115259122,-0.720593156126086,-0.0258318533359844,-0.0767955734182063,-0.0767955734182063
"wFV6","~","wBMI5",1,1,0.0046636143243423,0.0240178477240337,0.194172865859067,0.846040528415015,-0.042410502200931,0.0517377308496156,0.0101859381747068,0.0101859381747068
"wFV6","~","wPA5",1,1,-0.00610631065889238,0.00797628923450843,-0.765557827626684,0.443939445751281,-0.0217395502888035,0.00952692897101869,-0.0270190624095666,-0.0270190624095666
"wFV6","~","wFV5",1,1,0.0257957694322032,0.0449637538717822,0.573701419720469,0.566169867433333,-0.0623315687662133,0.11392310763062,0.0249238492045667,0.0249238492045667
"wBMI7","~","wBMI6",1,1,0.446900838562159,0.101340247080491,4.40990476574623,1.0341608895903e-05,0.248277604100006,0.645524073024312,0.394786196047176,0.394786196047176
"wBMI7","~","wPA6",1,1,-0.0256415555192907,0.0210498431275089,-1.21813523093582,0.223172587645284,-0.066898489929426,0.0156153788908446,-0.0465460392383101,-0.0465460392383101
"wBMI7","~","wFV6",1,1,-0.232155034062762,0.0877938644930342,-2.64431957065954,0.00818553339148353,-0.404227846532699,-0.0600822215928255,-0.0897490460942759,-0.0897490460942759
"wPA7","~","wBMI6",1,1,-0.0666516210265457,0.0852633306191135,-0.781714959321615,0.434382108205844,-0.233764678241939,0.100461436188848,-0.0303902436274698,-0.0303902436274698
"wPA7","~","wPA6",1,1,0.0797816517513781,0.0822950807198473,0.969458332788741,0.332316559951759,-0.0815137425643392,0.241077046067095,0.0747504933102087,0.0747504933102087
"wPA7","~","wFV6",1,1,0.0102848783682029,0.175913973314879,0.0584653860884229,0.95337793321257,-0.3345001737063,0.355069930442706,0.00205221837574268,0.00205221837574268
"wFV7","~","wBMI6",1,1,-0.0163202815617363,0.0180679968592122,-0.903270112835737,0.366382554573037,-0.051732904678575,0.0190923415551023,-0.036899354725666,-0.036899354725666
"wFV7","~","wPA6",1,1,0.0132695766920847,0.00685791445674267,1.93492887317049,0.0529990244975354,-0.000171688652187495,0.0267108420363569,0.0616503813857266,0.0616503813857266
"wFV7","~","wFV6",1,1,0.14504129773104,0.0393377791001941,3.6870738778012,0.000226847515133244,0.067940667462867,0.222141927999213,0.143510523288665,0.143510523288665
"wBMI1","~~","wPA1",1,1,-0.197216747048146,0.143013629457323,-1.37900665689348,0.167892701443886,-0.477518310082854,0.0830848159865632,-0.0545868850266606,-0.0545868850266606
"wBMI1","~~","wFV1",1,1,0.042734484338737,0.031144272117042,1.37214586933155,0.170018032559786,-0.0183071673353803,0.103776136012854,0.0529704523328703,0.0529704523328703
"wPA1","~~","wFV1",1,1,0.0364004452560533,0.0411686982259719,0.88417770841949,0.376600289795381,-0.0442887205572496,0.117089611069356,0.0338349307995263,0.0338349307995263
"wBMI2","~~","wPA2",1,1,-0.0635473175608691,0.0819903011349131,-0.775058960404396,0.438304820518559,-0.224245354866892,0.0971507197451541,-0.0282040690668435,-0.0282040690668435
"wBMI2","~~","wFV2",1,1,0.00608105903044774,0.0186066608706755,0.326821619027389,0.743802806948074,-0.0303873261486269,0.0425494442095224,0.0112957161968011,0.0112957161968011
"wPA2","~~","wFV2",1,1,0.0035862962705133,0.0288762882755891,0.124195195597386,0.90116072614692,-0.0530101887568375,0.0601827812978641,0.00373081607538373,0.00373081607538373
"wBMI3","~~","wPA3",1,1,-0.209940900981243,0.0740212754105588,-2.83622377237905,0.00456504485108677,-0.355019934875659,-0.064861867086828,-0.100542293350537,-0.100542293350537
"wBMI3","~~","wFV3",1,1,0.0328932932058441,0.0168382971687186,1.95348097709973,0.0507626292181156,-0.000109162805827179,0.0658957492175153,0.0629882089479132,0.0629882089479132
"wPA3","~~","wFV3",1,1,0.0526101348506604,0.0288013929569046,1.82665244453214,0.0677520427044673,-0.00383955804945812,0.109059827750779,0.0561624816850798,0.0561624816850798
"wBMI4","~~","wPA4",1,1,-0.0277762149052174,0.079205428105098,-0.350685749319618,0.725824117819116,-0.183016001371286,0.127463571560851,-0.012265891346747,-0.012265891346747
"wBMI4","~~","wFV4",1,1,0.00742916538994416,0.0166450797238832,0.446328014835784,0.655360322659075,-0.0251945913886649,0.0400529221685532,0.0167238639019984,0.0167238639019984
"wPA4","~~","wFV4",1,1,0.0464608605381644,0.0348507515169586,1.33313798170339,0.182486527068211,-0.0218453572692291,0.114767078345558,0.0419979195861334,0.0419979195861334
"wBMI5","~~","wPA5",1,1,0.0365882991888795,0.100945699600868,0.362455253998407,0.717011855603298,-0.161261636423021,0.23443823480078,0.0167408822284701,0.0167408822284701
"wBMI5","~~","wFV5",1,1,-0.0453994863144533,0.0223242665825008,-2.03363842420877,0.0419880647245514,-0.0891542447974259,-0.00164472783148078,-0.0955012463280604,-0.0955012463280604
"wPA5","~~","wFV5",1,1,-0.031959765840805,0.0360893472627802,-0.88557339671715,0.375847452421232,-0.102693586701413,0.0387740550198033,-0.0326524418766251,-0.0326524418766251
"wBMI6","~~","wPA6",1,1,-0.0429594169348311,0.0809446479192315,-0.530725848331529,0.595608771248533,-0.2016080115978,0.115689177728138,-0.0185740085163825,-0.0185740085163825
"wBMI6","~~","wFV6",1,1,-0.0436144257178856,0.0216806989147909,-2.01167065182254,0.0442546662807555,-0.0861078147505324,-0.00112103668523875,-0.0858835452230293,-0.0858835452230293
"wPA6","~~","wFV6",1,1,-0.0383594108068047,0.0342282257363271,-1.12069527361137,0.26241759472771,-0.105445500504713,0.0287266788911034,-0.0364527751937402,-0.0364527751937402
"wBMI7","~~","wPA7",1,1,-0.190350551003959,0.092318895390879,-2.06188072547893,0.0392190930092102,-0.371292261062603,-0.00940884094531544,-0.0699939698482682,-0.0699939698482682
"wBMI7","~~","wFV7",1,1,-0.0399755269452096,0.0177205765871452,-2.25588184157667,0.0240780320216456,-0.0747072188412979,-0.00524383504912127,-0.0736098109319202,-0.0736098109319202
"wPA7","~~","wFV7",1,1,0.0105637514268066,0.036825820558012,0.286857190599879,0.774221670426966,-0.0616135305680316,0.0827410334216448,0.00916350897511442,0.00916350897511442
"riBMI","~~","riBMI",1,1,19.8272661602279,0.906813498205836,21.8647673413077,0,18.0499443630497,21.6045879574062,1,1
"riPA","~~","riPA",1,1,4.55621304921553,0.491465977114652,9.27065811547038,0,3.59295743444402,5.51946866398703,1,1
"riFV","~~","riFV",1,1,0.261231875858706,0.00859632323925241,30.3887916482564,0,0.244383391910306,0.278080359807105,1,1
"riBMI","~~","riPA",1,1,-1.14445839475982,0.216723598706093,-5.28072808680086,1.28671531429703e-07,-1.56922884282368,-0.71968794669597,-0.120411115301059,-0.120411115301059
"riBMI","~~","riFV",1,1,-0.00393250633963388,0.0575612199128637,-0.0683186761084444,0.945531957477689,-0.116750424275036,0.108885411595769,-0.00172792516105657,-0.00172792516105657
"riPA","~~","riFV",1,1,0.0842790369701801,0.0303846990230229,2.77373282211289,0.00554171704086892,0.0247261212039658,0.143831952736394,0.0772510637036726,0.0772510637036726
"wBMI1","~~","wBMI1",1,1,2.70931100946131,0.315631832490753,8.58376985642183,0,2.09068398540506,3.32793803351757,1,1
"wPA1","~~","wPA1",1,1,4.81783692759126,0.771410508476409,6.24549040316657,4.22472501426796e-10,3.30590011368177,6.32977374150075,1,1
"wFV1","~~","wFV1",1,1,0.24023191919218,0.0121851689272093,19.7151078189606,0,0.216349426949314,0.264114411435047,1,1
"wBMI2","~~","wBMI2",1,1,1.26185244995431,0.105866143299009,11.9193201020871,0,1.0543586219061,1.46934627800252,0.619495210098935,0.619495210098935
"wPA2","~~","wPA2",1,1,4.0231139317467,0.857086045136634,4.69394403814537,2.67987372737366e-06,2.34325615162702,5.70297171186637,0.858000629562726,0.858000629562726
"wFV2","~~","wFV2",1,1,0.229679544770826,0.0103390644550915,22.2147318810573,0,0.209415350805008,0.249943738736643,0.976308453898138,0.976308453898138
"wBMI3","~~","wBMI3",1,1,1.16405430495408,0.105319955421667,11.0525521995673,0,0.957630985474246,1.37047762443391,0.700428669847633,0.700428669847633
"wPA3","~~","wPA3",1,1,3.74561639841924,0.461234579436878,8.12084905470935,4.44089209850063e-16,2.84161323429848,4.64961956253999,0.85800088201485,0.85800088201485
"wFV3","~~","wFV3",1,1,0.23427338479744,0.01024037021636,22.8774331247483,0,0.214202627985018,0.254344141609863,0.980761575954453,0.980761575954453
"wBMI4","~~","wBMI4",1,1,0.909322381681506,0.106563313351972,8.53316543075261,0,0.700462125438385,1.11818263792463,0.832927965815754,0.832927965815754
"wPA4","~~","wPA4",1,1,5.63936260183752,1.10910910085793,5.08458779886967,3.68425313146403e-07,3.46554870923038,7.81317649444466,0.967514580022669,0.967514580022669
"wFV4","~~","wFV4",1,1,0.217014585492511,0.0103923247659821,20.8821981971618,0,0.196646003235542,0.237383167749479,0.992058384429384,0.992058384429384
"wBMI5","~~","wBMI5",1,1,1.06149476457256,0.167691381947391,6.33004959614186,2.45082398819818e-10,0.732825695437918,1.39016383370719,0.961673898976219,0.961673898976219
"wPA5","~~","wPA5",1,1,4.49997296495756,0.662553645777387,6.79186205318915,1.10695896893276e-11,3.20139168140817,5.79855424850694,0.993330876399433,0.993330876399433
"wFV5","~~","wFV5",1,1,0.212895235728115,0.010011228108516,21.2656462744084,0,0.193273589194408,0.232516882261821,0.985597230671234,0.985597230671234
"wBMI6","~~","wBMI6",1,1,1.11617322967237,0.128941272667281,8.65644650919914,0,0.863452979123746,1.368893480221,0.923847492524565,0.923847492524565
"wPA6","~~","wPA6",1,1,4.79262968850676,0.668686997867543,7.16722428249772,7.65387753176583e-13,3.48202725575616,6.10323212125735,0.939436451332406,0.939436451332406
"wFV6","~~","wFV6",1,1,0.231051497417993,0.0110019807985849,21.0008998968359,0,0.209488011294165,0.25261498354182,0.998563244613438,0.998563244613438
"wBMI7","~~","wBMI7",1,1,1.28113720437396,0.10365731769578,12.359351301506,0,1.0779725949562,1.48430181379171,0.827496001991936,0.827496001991936
"wPA7","~~","wPA7",1,1,5.7728647280737,0.833849894648447,6.92314619828255,4.41713332577365e-12,4.13854896605023,7.40718049009718,0.993360745468077,0.993360745468077
"wFV7","~~","wFV7",1,1,0.230208495495946,0.011174193738658,20.6017991883855,0,0.208307478211903,0.252109512779989,0.974029875487101,0.974029875487101
"BMI1","~~","BMI1",1,1,0,0,NA,NA,0,0,0,0
"PA1","~~","PA1",1,1,0,0,NA,NA,0,0,0,0
"FV1","~~","FV1",1,1,0,0,NA,NA,0,0,0,0
"BMI2","~~","BMI2",1,1,0,0,NA,NA,0,0,0,0
"PA2","~~","PA2",1,1,0,0,NA,NA,0,0,0,0
"FV2","~~","FV2",1,1,0,0,NA,NA,0,0,0,0
"BMI3","~~","BMI3",1,1,0,0,NA,NA,0,0,0,0
"PA3","~~","PA3",1,1,0,0,NA,NA,0,0,0,0
"FV3","~~","FV3",1,1,0,0,NA,NA,0,0,0,0
"BMI4","~~","BMI4",1,1,0,0,NA,NA,0,0,0,0
"PA4","~~","PA4",1,1,0,0,NA,NA,0,0,0,0
"FV4","~~","FV4",1,1,0,0,NA,NA,0,0,0,0
"BMI5","~~","BMI5",1,1,0,0,NA,NA,0,0,0,0
"PA5","~~","PA5",1,1,0,0,NA,NA,0,0,0,0
"FV5","~~","FV5",1,1,0,0,NA,NA,0,0,0,0
"BMI6","~~","BMI6",1,1,0,0,NA,NA,0,0,0,0
"PA6","~~","PA6",1,1,0,0,NA,NA,0,0,0,0
"FV6","~~","FV6",1,1,0,0,NA,NA,0,0,0,0
"BMI7","~~","BMI7",1,1,0,0,NA,NA,0,0,0,0
"PA7","~~","PA7",1,1,0,0,NA,NA,0,0,0,0
"FV7","~~","FV7",1,1,0,0,NA,NA,0,0,0,0
"BMI1","~1","",1,1,25.6146258858249,0.106192630205889,241.209072947553,0,25.4064921551978,25.822759616452,25.6146258858249,5.39565333451021
"BMI2","~1","",1,1,25.7580781009878,0.106110046105464,242.748722165162,0,25.5501062322232,25.9660499697524,25.7580781009878,5.50867249891426
"BMI3","~1","",1,1,25.8781636054931,0.105813272842576,244.564437998183,0,25.6707734016353,26.0855538093508,25.8781636054931,5.58243275787678
"BMI4","~1","",1,1,26.0489304321246,0.106349915160823,244.936071577804,0,25.8404884286505,26.2573724355987,26.0489304321246,5.69533928620065
"BMI5","~1","",1,1,26.0242315883163,0.105749761351521,246.09257983864,0,25.8169658646936,26.231497311939,26.0242315883163,5.68829680985183
"BMI6","~1","",1,1,26.040756632313,0.105631688007289,246.524098247073,0,25.8337223281925,26.2477909364334,26.040756632313,5.6777693260881
"BMI7","~1","",1,1,26.0615016665362,0.107546694210894,242.327315197907,0,25.8507140192265,26.2722893138459,26.0615016665362,5.63691572518659
"PA1","~1","",1,1,1.98564400103167,0.0793615572839335,25.0202247660992,0,1.83009820699815,2.14118979506519,1.98564400103167,0.648541476182346
"PA2","~1","",1,1,1.76003678734412,0.0737569226563866,23.8626656855473,0,1.6154758753271,1.90459769936115,1.76003678734412,0.578848190706339
"PA3","~1","",1,1,1.84970651510629,0.0718807868962008,25.7329753189451,0,1.70882276160934,1.99059026860324,1.84970651510629,0.619267540313645
"PA4","~1","",1,1,1.85456740916593,0.0787678802269145,23.5447164989497,0,1.70018520078261,2.00894961754924,1.85456740916593,0.57549422131066
"PA5","~1","",1,1,1.7848275863602,0.0743502203601818,24.005679844845,0,1.63910383221163,1.93055134050877,1.7848275863602,0.592107255522916
"PA6","~1","",1,1,1.71847627923393,0.0734669036578003,23.3911624646437,0,1.57448379400897,1.86246876445889,1.71847627923393,0.552973256719752
"PA7","~1","",1,1,1.78837200508889,0.0779879419689877,22.9313911860893,0,1.63551844760127,1.9412255625765,1.78837200508889,0.55541481398977
"FV1","~1","",1,1,1.87256856423714,0.017635215740019,106.183479229448,0,1.83800417652711,1.90713295194717,1.87256856423714,2.64434391136051
"FV2","~1","",1,1,1.84901470922982,0.0173114051784331,106.809048148984,0,1.81508497855831,1.88294443990133,1.84901470922982,2.62414199256657
"FV3","~1","",1,1,1.84373487822482,0.016618008323907,110.948005458174,0,1.81116418041517,1.87630557603446,1.84373487822482,2.60717228698665
"FV4","~1","",1,1,1.82311306212375,0.0165515885497441,110.147316473254,0,1.79067254467932,1.85555357956817,1.82311306212375,2.63148171197012
"FV5","~1","",1,1,1.82616149362007,0.0169868848947718,107.504201325466,0,1.79286781101679,1.85945517622335,1.82616149362007,2.64345292681285
"FV6","~1","",1,1,1.84273897710224,0.0172276972443247,106.963742801394,0,1.8089733109668,1.87650464323768,1.84273897710224,2.6254856362744
"FV7","~1","",1,1,1.84414115823338,0.0174954933292847,105.406639499932,0,1.80985062141622,1.87843169505054,1.84414115823338,2.61434824189268
"riBMI","~1","",1,1,0,0,NA,NA,0,0,0,0
"riPA","~1","",1,1,0,0,NA,NA,0,0,0,0
"riFV","~1","",1,1,0,0,NA,NA,0,0,0,0
"wBMI1","~1","",1,1,0,0,NA,NA,0,0,0,0
"wPA1","~1","",1,1,0,0,NA,NA,0,0,0,0
"wFV1","~1","",1,1,0,0,NA,NA,0,0,0,0
"wBMI2","~1","",1,1,0,0,NA,NA,0,0,0,0
"wPA2","~1","",1,1,0,0,NA,NA,0,0,0,0
"wFV2","~1","",1,1,0,0,NA,NA,0,0,0,0
"wBMI3","~1","",1,1,0,0,NA,NA,0,0,0,0
"wPA3","~1","",1,1,0,0,NA,NA,0,0,0,0
"wFV3","~1","",1,1,0,0,NA,NA,0,0,0,0
"wBMI4","~1","",1,1,0,0,NA,NA,0,0,0,0
"wPA4","~1","",1,1,0,0,NA,NA,0,0,0,0
"wFV4","~1","",1,1,0,0,NA,NA,0,0,0,0
"wBMI5","~1","",1,1,0,0,NA,NA,0,0,0,0
"wPA5","~1","",1,1,0,0,NA,NA,0,0,0,0
"wFV5","~1","",1,1,0,0,NA,NA,0,0,0,0
"wBMI6","~1","",1,1,0,0,NA,NA,0,0,0,0
"wPA6","~1","",1,1,0,0,NA,NA,0,0,0,0
"wFV6","~1","",1,1,0,0,NA,NA,0,0,0,0
"wBMI7","~1","",1,1,0,0,NA,NA,0,0,0,0
"wPA7","~1","",1,1,0,0,NA,NA,0,0,0,0
"wFV7","~1","",1,1,0,0,NA,NA,0,0,0,0
"riBMI","=~","BMI1",2,2,1,0,NA,NA,1,1,4.13039296667055,0.920506452136199
"riBMI","=~","BMI2",2,2,1,0,NA,NA,1,1,4.13039296667055,0.935827371537008
"riBMI","=~","BMI3",2,2,1,0,NA,NA,1,1,4.13039296667055,0.947003574681809
"riBMI","=~","BMI4",2,2,1,0,NA,NA,1,1,4.13039296667055,0.95139246076707
"riBMI","=~","BMI5",2,2,1,0,NA,NA,1,1,4.13039296667055,0.962638588023564
"riBMI","=~","BMI6",2,2,1,0,NA,NA,1,1,4.13039296667055,0.936525483196404
"riBMI","=~","BMI7",2,2,1,0,NA,NA,1,1,4.13039296667055,0.929497399180874
"riPA","=~","PA1",2,2,1,0,NA,NA,1,1,1.91519129219597,0.648665932043877
"riPA","=~","PA2",2,2,1,0,NA,NA,1,1,1.91519129219597,0.596514044764829
"riPA","=~","PA3",2,2,1,0,NA,NA,1,1,1.91519129219597,0.670366784997827
"riPA","=~","PA4",2,2,1,0,NA,NA,1,1,1.91519129219597,0.631229678597582
"riPA","=~","PA5",2,2,1,0,NA,NA,1,1,1.91519129219597,0.587958725812327
"riPA","=~","PA6",2,2,1,0,NA,NA,1,1,1.91519129219597,0.681758785076924
"riPA","=~","PA7",2,2,1,0,NA,NA,1,1,1.91519129219597,0.683882365452324
"riFV","=~","FV1",2,2,1,0,NA,NA,1,1,0.5144179355243,0.724557066684815
"riFV","=~","FV2",2,2,1,0,NA,NA,1,1,0.5144179355243,0.727663412643345
"riFV","=~","FV3",2,2,1,0,NA,NA,1,1,0.5144179355243,0.7453996320285
"riFV","=~","FV4",2,2,1,0,NA,NA,1,1,0.5144179355243,0.757474176516861
"riFV","=~","FV5",2,2,1,0,NA,NA,1,1,0.5144179355243,0.740166466417663
"riFV","=~","FV6",2,2,1,0,NA,NA,1,1,0.5144179355243,0.735970918067456
"riFV","=~","FV7",2,2,1,0,NA,NA,1,1,0.5144179355243,0.728139252036112
"wBMI1","=~","BMI1",2,2,1,0,NA,NA,1,1,1.75322785081165,0.390727362204937
"wPA1","=~","PA1",2,2,1,0,NA,NA,1,1,2.24707481953493,0.761073260997683
"wFV1","=~","FV1",2,2,1,0,NA,NA,1,1,0.489325792318589,0.689214812026771
"wBMI2","=~","BMI2",2,2,1,0,NA,NA,1,1,1.55562121102049,0.352458693582857
"wPA2","=~","PA2",2,2,1,0,NA,NA,1,1,2.57686737928607,0.802602637921346
"wFV2","=~","FV2",2,2,1,0,NA,NA,1,1,0.484917800760602,0.685934368507835
"wBMI3","=~","BMI3",2,2,1,0,NA,NA,1,1,1.40102671647363,0.321223021497333
"wPA3","=~","PA3",2,2,1,0,NA,NA,1,1,2.11992783088797,0.742029900726161
"wFV3","=~","FV3",2,2,1,0,NA,NA,1,1,0.460048778219794,0.666617872976547
"wBMI4","=~","BMI4",2,2,1,0,NA,NA,1,1,1.33707508425443,0.307981144870234
"wPA4","=~","PA4",2,2,1,0,NA,NA,1,1,2.35320783992748,0.775595959799684
"wFV4","=~","FV4",2,2,1,0,NA,NA,1,1,0.443375550447621,0.652865125359062
"wBMI5","=~","BMI5",2,2,1,0,NA,NA,1,1,1.16187635331857,0.270789491760667
"wPA5","=~","PA5",2,2,1,0,NA,NA,1,1,2.634846286967,0.808890930064829
"wFV5","=~","FV5",2,2,1,0,NA,NA,1,1,0.467336492051427,0.672423677446586
"wBMI6","=~","BMI6",2,2,1,0,NA,NA,1,1,1.5462620007197,0.350599514152176
"wPA6","=~","PA6",2,2,1,0,NA,NA,1,1,2.05514032053471,0.731577035567982
"wFV6","=~","FV6",2,2,1,0,NA,NA,1,1,0.473208518625685,0.677013151836023
"wBMI7","=~","BMI7",2,2,1,0,NA,NA,1,1,1.63895813973252,0.368828666071378
"wPA7","=~","PA7",2,2,1,0,NA,NA,1,1,2.043200515222,0.729592290408372
"wFV7","=~","FV7",2,2,1,0,NA,NA,1,1,0.4842440351532,0.685429230223144
"wBMI2","~","wBMI1",2,2,0.583806843433693,0.075463398234164,7.73629146175119,1.02140518265514e-14,0.435901300743728,0.731712386123658,0.657966354631371,0.657966354631371
"wBMI2","~","wPA1",2,2,-0.0312947058690982,0.0224342827655768,-1.39495013930719,0.163030875812087,-0.0752650921086163,0.0126756803704199,-0.0452047998863886,-0.0452047998863886
"wBMI2","~","wFV1",2,2,-0.0949764454472416,0.109148613196354,-0.870157143237203,0.384214533048971,-0.308903796274588,0.118950905380105,-0.0298751547554353,-0.0298751547554353
"wPA2","~","wBMI1",2,2,-0.103363000756808,0.0568167358440237,-1.8192351112983,0.0688755682548949,-0.214721756730221,0.00799575521660399,-0.0703252690173407,-0.0703252690173407
"wPA2","~","wPA1",2,2,0.467457700886631,0.102021143834954,4.58196882837216,4.60618567799109e-06,0.267499933308541,0.667415468464721,0.407631544139094,0.407631544139094
"wPA2","~","wFV1",2,2,-0.129364741345793,0.212563596201809,-0.608593115930224,0.542794168591535,-0.545981734325654,0.287252251634068,-0.0245652939169331,-0.0245652939169331
"wFV2","~","wBMI1",2,2,0.0106600499633219,0.0151529160273438,0.703498253675107,0.481745294678091,-0.0190391197110317,0.0403592196376756,0.0385415764433167,0.0385415764433167
"wFV2","~","wPA1",2,2,0.000777650651721822,0.0114728183903699,0.0677820065882477,0.945959167478438,-0.021708660194572,0.0232639614980156,0.00360357816342924,0.00360357816342924
"wFV2","~","wFV1",2,2,0.107362538156151,0.0457407286319665,2.34719781182321,0.0189152096492746,0.0177123574108765,0.197012718901425,0.108338483277353,0.108338483277353
"wBMI3","~","wBMI2",2,2,0.425277780220011,0.086716362493906,4.90423915382634,9.37901638131677e-07,0.255316832861636,0.595238727578387,0.472204510954028,0.472204510954028
"wBMI3","~","wPA2",2,2,-0.0219587472592984,0.0230322914601199,-0.953389605082051,0.340392706237337,-0.0671012090025629,0.0231837144839661,-0.040388080282221,-0.040388080282221
"wBMI3","~","wFV2",2,2,0.0026031198752282,0.118855245194091,0.0219015986293016,0.982526449560124,-0.230348880078867,0.235555119829323,0.000900981508895891,0.000900981508895891
"wPA3","~","wBMI2",2,2,-0.0712963569816055,0.074479234183135,-0.957264904285894,0.338433564702933,-0.217272973576675,0.0746802596134636,-0.0523178777942727,-0.0523178777942727
"wPA3","~","wPA2",2,2,0.397273921924474,0.0836593803049756,4.74870744292194,2.04720832708283e-06,0.233304549557783,0.561243294291166,0.482904273972108,0.482904273972108
"wPA3","~","wFV2",2,2,0.0340079526135585,0.183633220469383,0.185194991007788,0.85307609773575,-0.325906545871535,0.393922451098652,0.00777906745194717,0.00777906745194717
"wFV3","~","wBMI2",2,2,-0.0090753103569095,0.0167017088156007,-0.543376157320648,0.586870838328444,-0.041810058115762,0.023659437401943,-0.0306874965355465,-0.0306874965355465
"wFV3","~","wPA2",2,2,0.000512013149775699,0.00885951408228533,0.0577924641261617,0.953913940903903,-0.016852315372029,0.0178763416715804,0.00286793497969504,0.00286793497969504
"wFV3","~","wFV2",2,2,0.142284928867845,0.0485936277250179,2.92805735091457,0.00341087123457018,0.0470431686486625,0.237526689087027,0.149976476527039,0.149976476527039
"wBMI4","~","wBMI3",2,2,0.474217561040112,0.120493906566364,3.9356144601298,8.2984101618111e-05,0.238053843813504,0.71038127826672,0.496899149690339,0.496899149690339
"wBMI4","~","wPA3",2,2,0.00759216802624657,0.0291849391903648,0.260139929596052,0.794755838524163,-0.04960926167786,0.0647935977303531,0.0120373556318212,0.0120373556318212
"wBMI4","~","wFV3",2,2,-0.0522623487723237,0.116620175883741,-0.448141570498268,0.654051028174806,-0.280833693375182,0.176308995830534,-0.0179819592652204,-0.0179819592652204
"wPA4","~","wBMI3",2,2,-0.06232565254625,0.089877881974443,-0.69344816741423,0.488028343203921,-0.2384830642229,0.1138317591304,-0.037106753962557,-0.037106753962557
"wPA4","~","wPA3",2,2,0.47916882434409,0.157650521693346,3.03943697234409,0.002370207915668,0.170179479681181,0.788158169006998,0.431667492001985,0.431667492001985
"wPA4","~","wFV3",2,2,-0.115872311732191,0.214973643753639,-0.539007060163065,0.589881982993661,-0.537212911114666,0.305468287650285,-0.0226528717682414,-0.0226528717682414
"wFV4","~","wBMI3",2,2,0.00802167754385839,0.0230666599149498,0.347760688952606,0.728019914700839,-0.0371881451330769,0.0532315002207937,0.0253477769320748,0.0253477769320748
"wFV4","~","wPA3",2,2,0.0118049901900857,0.00856105718591835,1.37891733856224,0.167920241658771,-0.00497437356390212,0.0285843539440734,0.0564436338946896,0.0564436338946896
"wFV4","~","wFV3",2,2,0.0971571353646846,0.0469052127717658,2.07135048800307,0.0383260542839947,0.00522460764483559,0.189089663084534,0.100810749205122,0.100810749205122
"wBMI5","~","wBMI4",2,2,0.315507183525599,0.142006037630044,2.2217871070212,0.0262976964529575,0.0371804641834729,0.593833902867724,0.363082347609928,0.363082347609928
"wBMI5","~","wPA4",2,2,-0.0103725042575713,0.0275165038448502,-0.376955746851268,0.706206491965067,-0.0643038607739356,0.043558852258793,-0.0210079654938167,-0.0210079654938167
"wBMI5","~","wFV4",2,2,-0.154585103577045,0.160678195004299,-0.962078915393023,0.336009964479234,-0.469508578886374,0.160338371732285,-0.0589901457187867,-0.0589901457187867
"wPA5","~","wBMI4",2,2,0.0773809935332677,0.119300106507256,0.648624681056434,0.516580998545734,-0.156442918572747,0.311204905639282,0.0392676411371549,0.0392676411371549
"wPA5","~","wPA4",2,2,0.325690106341579,0.110709035519997,2.94185659564121,0.00326250971745567,0.10870438395922,0.542675828723937,0.290877124567311,0.290877124567311
"wPA5","~","wFV4",2,2,0.0993480527943813,0.203482246066882,0.488239415057995,0.625380269190837,-0.299469820990024,0.498165926578786,0.016717672606364,0.016717672606364
"wFV5","~","wBMI4",2,2,-0.0186582263371307,0.0230380542437864,-0.809887247407754,0.418004981878514,-0.0638119829288321,0.0264955302545708,-0.0533821988568611,-0.0533821988568611
"wFV5","~","wPA4",2,2,0.00699655716571035,0.0077902909370055,0.898112435374557,0.369125610021427,-0.00827213249990922,0.0222652468313299,0.0352301894991727,0.0352301894991727
"wFV5","~","wFV4",2,2,0.0706700837824853,0.0497844507971126,1.41952120895113,0.155747118047833,-0.0269056467699617,0.168245814334932,0.0670467379076209,0.0670467379076209
"wBMI6","~","wBMI5",2,2,0.619525614384775,0.161361995339089,3.83935271178874,0.000123359106778187,0.30326191504664,0.93578931372291,0.465517590999321,0.465517590999321
"wBMI6","~","wPA5",2,2,0.0189140981938379,0.0219661489414492,0.86105663055702,0.389206853846086,-0.0241387626104452,0.061966958998121,0.0322298170518109,0.0322298170518109
"wBMI6","~","wFV5",2,2,-0.0805487387538304,0.125835332123652,-0.640112259366703,0.522099619439756,-0.327181457698825,0.166083980191164,-0.0243447520477519,-0.0243447520477519
"wPA6","~","wBMI5",2,2,0.0784464329784511,0.104807557322636,0.748480691492165,0.454170267261156,-0.126972604681532,0.283865470638434,0.0443497967360875,0.0443497967360875
"wPA6","~","wPA5",2,2,0.254277396510187,0.0655523538942836,3.87899718933451,0.000104887966673628,0.125797143775567,0.382757649244806,0.326002972818997,0.326002972818997
"wPA6","~","wFV5",2,2,-0.0312416515920823,0.167269117884047,-0.186774773414776,0.851837226737962,-0.359083098370598,0.296599795186434,-0.00710431483196138,-0.00710431483196138
"wFV6","~","wBMI5",2,2,-0.00684200620222401,0.0278563909884636,-0.245617108298686,0.805978644361004,-0.0614395292788788,0.0477555168744308,-0.0167992859441976,-0.0167992859441976
"wFV6","~","wPA5",2,2,-0.0129730893869015,0.00944748197285956,-1.37317958628238,0.169696524221081,-0.0314898137982977,0.0055436350244946,-0.0722347444226952,-0.0722347444226952
"wFV6","~","wFV5",2,2,0.12052104694964,0.0506089428747933,2.38141798867069,0.0172461304596037,0.0213293416194002,0.21971275227988,0.119025505845475,0.119025505845475
"wBMI7","~","wBMI6",2,2,0.632273310507246,0.0882184607299439,7.16713151958946,7.65831842386433e-13,0.459368304704995,0.805178316309497,0.596513218004555,0.596513218004555
"wBMI7","~","wPA6",2,2,0.0222063041253845,0.0280022961380731,0.793017258866565,0.427767767446352,-0.0326771877896638,0.0770897960404328,0.0278451718026075,0.0278451718026075
"wBMI7","~","wFV6",2,2,-0.020865134531765,0.114624536055125,-0.182030263762468,0.855558975606406,-0.245525096944423,0.203794827880893,-0.00602429016540563,-0.00602429016540563
"wPA7","~","wBMI6",2,2,-0.0540761767763001,0.0638135644844368,-0.84740881054354,0.396767295302038,-0.17914846489092,0.0709961113383203,-0.0409239997104782,-0.0409239997104782
"wPA7","~","wPA6",2,2,0.330188251713058,0.084578870140311,3.90390946539361,9.46511999266875e-05,0.164416712384958,0.495959791041157,0.33211776544048,0.33211776544048
"wPA7","~","wFV6",2,2,-0.112632195391911,0.17076617823553,-0.659569690882009,0.509530009791264,-0.447327754511097,0.222063363727276,-0.0260857972254249,-0.0260857972254249
"wFV7","~","wBMI6",2,2,0.000922572010811968,0.015442540747698,0.0597422422828637,0.952360927323258,-0.0293442516844683,0.0311893957060922,0.00294590731054601,0.00294590731054601
"wFV7","~","wPA6",2,2,0.00072939948083469,0.00996122106120529,0.0732239026072205,0.941627945911497,-0.0187942350411695,0.0202530340028389,0.00309558440377321,0.00309558440377321
"wFV7","~","wFV6",2,2,0.225832949180927,0.0490449996123298,4.60460701327343,4.13245477526303e-06,0.129706516318979,0.321959382042874,0.220686405161329,0.220686405161329
"wBMI1","~~","wPA1",2,2,-0.425689181509727,0.187540993763753,-2.26984603721345,0.0232169262019282,-0.793262774911534,-0.0581155881079203,-0.108052972586562,-0.108052972586562
"wBMI1","~~","wFV1",2,2,-0.0572154812504345,0.0441558893638198,-1.29576104285911,0.195057823464406,-0.143759434108856,0.0293284716079875,-0.0666925136337081,-0.0666925136337081
"wPA1","~~","wFV1",2,2,0.0343369222415792,0.0476257219556852,0.720974314542235,0.470925318096957,-0.0590077775292823,0.127681622012441,0.0312281116828956,0.0312281116828956
"wBMI2","~~","wPA2",2,2,-0.169325590318041,0.103217786005292,-1.64046911749648,0.100907664525926,-0.371628733452375,0.0329775528162929,-0.0625014219631856,-0.0625014219631856
"wBMI2","~~","wFV2",2,2,-0.0400666032523868,0.0263186159952293,-1.52236740942797,0.127917046158693,-0.0916501427259761,0.0115169362212024,-0.0717512593176953,-0.0717512593176953
"wPA2","~~","wFV2",2,2,0.0664242059263817,0.0376253553337122,1.76541072734709,0.0774947617955308,-0.0073201354332162,0.14016854728598,0.058972486129534,0.058972486129534
"wBMI3","~~","wPA3",2,2,-0.215007756917433,0.10052977431754,-2.13874703665698,0.0324561609610272,-0.412042493953751,-0.017973019881116,-0.0948148234219347,-0.0948148234219347
"wBMI3","~~","wFV3",2,2,-0.00994497103738504,0.023309985484958,-0.42663994981046,0.669641595051848,-0.0556317030680541,0.035741760993284,-0.0177938179785019,-0.0177938179785019
"wPA3","~~","wFV3",2,2,0.0372104176981281,0.031869030668899,1.16760431419214,0.242966409186127,-0.0252517346351164,0.0996725700313727,0.0443907797313129,0.0443907797313129
"wBMI4","~~","wPA4",2,2,-0.125548214276227,0.116901753178596,-1.07396348525605,0.282839047556459,-0.354671440235865,0.103575011683411,-0.0511263532094501,-0.0511263532094501
"wBMI4","~~","wFV4",2,2,-0.0208766036705202,0.0257176791701455,-0.811760794292624,0.416928902570795,-0.0712823286099613,0.0295291212689209,-0.0408459051433208,-0.0408459051433208
"wPA4","~~","wFV4",2,2,0.00639982479251205,0.0314018062270598,0.203804352725327,0.838506391250582,-0.0551465844620307,0.0679462340470549,0.00687179680154228,0.00687179680154228
"wBMI5","~~","wPA5",2,2,0.0269135563838271,0.140219892832051,0.191938218181802,0.84779060019236,-0.247912383483058,0.301739496250713,0.00989973982496925,0.00989973982496925
"wBMI5","~~","wFV5",2,2,-0.0183169838324662,0.0319342751183528,-0.573583830056608,0.566249456510004,-0.0809070129368312,0.0442730452718988,-0.0365109055864423,-0.0365109055864423
"wPA5","~~","wFV5",2,2,-0.0304531946345299,0.0388783244969746,-0.783294934350878,0.433453937252532,-0.106653310427861,0.0457469211588016,-0.025971238930623,-0.025971238930623
"wBMI6","~~","wPA6",2,2,-0.00738212178490097,0.102605406321832,-0.0719467136239021,0.942644314251105,-0.20848502279479,0.193720779224988,-0.00278576795316815,-0.00278576795316815
"wBMI6","~~","wFV6",2,2,-0.0155460378985367,0.0253855471487561,-0.612397196225038,0.540274996395854,-0.0653007960379421,0.0342087202408686,-0.0243015835167413,-0.0243015835167413
"wPA6","~~","wFV6",2,2,-0.0121632122349182,0.0363850295367502,-0.334291668573003,0.738159476700395,-0.0834765597033747,0.0591501352335383,-0.0133824741807804,-0.0133824741807804
"wBMI7","~~","wPA7",2,2,0.0365680931393392,0.0904602752948683,0.404244769542656,0.686032735111146,-0.140730788470181,0.213866974748859,0.0144653761731564,0.0144653761731564
"wBMI7","~~","wFV7",2,2,-0.0178847476173687,0.0233577285506853,-0.765688648986543,0.443861582671022,-0.0636650543373748,0.0278955591026375,-0.0288325966676092,-0.0288325966676092
"wPA7","~~","wFV7",2,2,0.00674490740530168,0.0352190526802675,0.19151302752333,0.848123674949057,-0.0622831674176414,0.0757729822282447,0.00741855918065694,0.00741855918065694
"riBMI","~~","riBMI",2,2,17.0601460591215,1.00953283791347,16.8990501531202,0,15.0814980556006,19.0387940626425,1,1
"riPA","~~","riPA",2,2,3.66795768570327,0.567666039035066,6.46147106481509,1.03689945518681e-10,2.55535269394803,4.78056267745851,1,1
"riFV","~~","riFV",2,2,0.264625812389083,0.0104150013094845,25.4081400976973,0,0.244212784923556,0.28503883985461,1,1
"riBMI","~~","riPA",2,2,-1.01750994315301,0.262878688131135,-3.87064448010876,0.000108548000387731,-1.53274270419317,-0.502277182112847,-0.128627885652434,-0.128627885652434
"riBMI","~~","riFV",2,2,0.0835758149389772,0.0660687947085705,1.26498168019608,0.205877895087781,-0.0459166431917915,0.213068273069746,0.0393344557446449,0.0393344557446449
"riPA","~~","riFV",2,2,0.076742780210848,0.0377738460497349,2.03163797802863,0.0421903189940926,0.00270740239580709,0.150778158025889,0.077894943745682,0.077894943745682
"wBMI1","~~","wBMI1",2,2,3.07380789686165,0.588703483617075,5.22131766229029,1.77654496447133e-07,1.91997027139892,4.22764552232438,1,1
"wPA1","~~","wPA1",2,2,5.04934524458795,0.761733715381964,6.62875377920748,3.38533645560801e-11,3.55637459662941,6.54231589254648,1,1
"wFV1","~~","wFV1",2,2,0.239439731028215,0.0142028266801328,16.8585969835954,0,0.21160270225649,0.26727675979994,1,1
"wBMI2","~~","wBMI2",2,2,1.34310128204869,0.144381224445942,9.30246496525288,0,1.06011928209085,1.62608328200653,0.55501031075631,0.55501031075631
"wPA2","~~","wPA2",2,2,5.46457809587349,1.05362690687887,5.18644508810149,2.14346185911651e-07,3.39950730524856,7.52964888649841,0.822948203308177,0.822948203308177
"wFV2","~~","wFV2",2,2,0.23216525845822,0.0131748420168098,17.621862801998,0,0.206343042603268,0.257987474313172,0.987326919261475,0.987326919261475
"wBMI3","~~","wBMI3",2,2,1.51196067373434,0.183111970798675,8.25702802028542,2.22044604925031e-16,1.15306780583079,1.87085354163789,0.770278296419694,0.770278296419694
"wPA3","~~","wPA3",2,2,3.40106772757952,0.419251421093155,8.11223899661828,4.44089209850063e-16,2.5793500417697,4.22278541338934,0.756786066645254,0.756786066645254
"wFV3","~~","wFV3",2,2,0.206599022694897,0.0107112960592281,19.2879574565494,0,0.185605268191064,0.22759277719873,0.97615885777077,0.97615885777077
"wBMI4","~~","wBMI4",2,2,1.3476566863729,0.187496174979311,7.1876489561539,6.59250432022418e-13,0.980170936174426,1.71514243657137,0.753820039216035,0.753820039216035
"wPA4","~~","wPA4",2,2,4.47457897240264,0.628976958161895,7.11405865403882,1.12687636999453e-12,3.24180678729977,5.70735115750551,0.80803766351253,0.80803766351253
"wFV4","~~","wFV4",2,2,0.193839987747203,0.0107215856590113,18.0794141754848,0,0.172826065998379,0.214853909496026,0.98605216815926,0.98605216815926
"wBMI5","~~","wBMI5",2,2,1.16315736571337,0.25518601063295,4.55807652946308,5.16242278703061e-06,0.663001975514329,1.6633127559124,0.861625709797222,0.861625709797222
"wPA5","~~","wPA5",2,2,6.35413067480137,1.44830114194429,4.38729936114748,1.14766779673037e-05,3.51551259782232,9.19274875178042,0.915262299232235,0.915262299232235
"wFV5","~~","wFV5",2,2,0.216383548732535,0.0122620223141404,17.6466445084677,0,0.192350426619193,0.240416670845876,0.9907517552384,0.9907517552384
"wBMI6","~~","wBMI6",2,2,1.86513188015373,0.213630764996692,8.73063334385669,0,1.44642327477047,2.28384048553698,0.7800876077888,0.7800876077888
"wPA6","~~","wPA6",2,2,3.76498274066145,0.446806805806001,8.42642209504787,0,2.88925749323431,4.64070798808859,0.89141518898458,0.89141518898458
"wFV6","~~","wFV6",2,2,0.219412189666756,0.0121319406754712,18.0854980696017,0,0.195634022880256,0.243190356453256,0.979841079896257,0.979841079896257
"wBMI7","~~","wBMI7",2,2,1.72470655973709,0.155850851162795,11.0663916614451,0,1.4192445044981,2.03016861497608,0.642065732859178,0.642065732859178
"wPA7","~~","wPA7",2,2,3.70535608223171,0.398414838675382,9.30024618197197,0,2.92447734752162,4.48623481694179,0.887580946714371,0.887580946714371
"wFV7","~~","wFV7",2,2,0.223091438152438,0.0126646558494646,17.6152783624096,0,0.198269168810893,0.247913707493983,0.951380714291962,0.951380714291962
"BMI1","~~","BMI1",2,2,0,0,NA,NA,0,0,0,0
"PA1","~~","PA1",2,2,0,0,NA,NA,0,0,0,0
"FV1","~~","FV1",2,2,0,0,NA,NA,0,0,0,0
"BMI2","~~","BMI2",2,2,0,0,NA,NA,0,0,0,0
"PA2","~~","PA2",2,2,0,0,NA,NA,0,0,0,0
"FV2","~~","FV2",2,2,0,0,NA,NA,0,0,0,0
"BMI3","~~","BMI3",2,2,0,0,NA,NA,0,0,0,0
"PA3","~~","PA3",2,2,0,0,NA,NA,0,0,0,0
"FV3","~~","FV3",2,2,0,0,NA,NA,0,0,0,0
"BMI4","~~","BMI4",2,2,0,0,NA,NA,0,0,0,0
"PA4","~~","PA4",2,2,0,0,NA,NA,0,0,0,0
"FV4","~~","FV4",2,2,0,0,NA,NA,0,0,0,0
"BMI5","~~","BMI5",2,2,0,0,NA,NA,0,0,0,0
"PA5","~~","PA5",2,2,0,0,NA,NA,0,0,0,0
"FV5","~~","FV5",2,2,0,0,NA,NA,0,0,0,0
"BMI6","~~","BMI6",2,2,0,0,NA,NA,0,0,0,0
"PA6","~~","PA6",2,2,0,0,NA,NA,0,0,0,0
"FV6","~~","FV6",2,2,0,0,NA,NA,0,0,0,0
"BMI7","~~","BMI7",2,2,0,0,NA,NA,0,0,0,0
"PA7","~~","PA7",2,2,0,0,NA,NA,0,0,0,0
"FV7","~~","FV7",2,2,0,0,NA,NA,0,0,0,0
"BMI1","~1","",2,2,25.2609655222286,0.1182352935068,213.649958256971,0,25.0292286052537,25.4927024392034,25.2609655222286,5.62970204966848
"BMI2","~1","",2,2,25.418961227134,0.117535165108228,216.266861102614,0,25.1885965366049,25.6493259176631,25.418961227134,5.75920012074902
"BMI3","~1","",2,2,25.6229132140108,0.116605839152581,219.739537918704,0,25.3943699688847,25.851456459137,25.6229132140108,5.87474136316615
"BMI4","~1","",2,2,25.7428177023833,0.117366511397462,219.336993115568,0,25.5127835670532,25.9728518377135,25.7428177023833,5.92958657410528
"BMI5","~1","",2,2,25.7446410831128,0.113498554208948,226.827920959395,0,25.5221880045659,25.9670941616597,25.7446410831128,6.00010341422747
"BMI6","~1","",2,2,25.8605158967339,0.116634927357207,221.721884539212,0,25.6319156397743,26.0891161536935,25.8605158967339,5.86361451351677
"BMI7","~1","",2,2,25.9282934658639,0.118536719380645,218.736384821003,0,25.6959657650323,26.1606211666954,25.9282934658639,5.83486402775516
"PA1","~1","",2,2,2.11693248148274,0.0869141033823694,24.3566049593761,0,1.94658396910471,2.28728099386078,2.11693248148274,0.716994687042705
"PA2","~1","",2,2,1.98921954521057,0.0933030852925873,21.3199760648066,0,1.80634885839063,2.17209023203051,1.98921954521057,0.619571215509366
"PA3","~1","",2,2,1.93857798944644,0.0784736281185085,24.70356011218,0,1.78477250459797,2.0923834742949,1.93857798944644,0.678552737550658
"PA4","~1","",2,2,2.01690338640924,0.0860469134851232,23.4395785359337,0,1.84825453499757,2.18555223782092,2.01690338640924,0.664753062293689
"PA5","~1","",2,2,2.01240143524648,0.0931005664750088,21.6153511352337,0,1.82992767801519,2.19487519247778,2.01240143524648,0.617801985896534
"PA6","~1","",2,2,1.79363158170746,0.0783292719693002,22.8986116762382,0,1.64010902971239,1.94715413370253,1.79363158170746,0.638486658227429
"PA7","~1","",2,2,1.81121237329636,0.0788221548281205,22.9784681381255,0,1.6567237886494,1.96570095794332,1.81121237329636,0.64675325500576
"FV1","~1","",2,2,1.80778751239274,0.0200804015972202,90.0274580485981,0,1.76843064846709,1.84714437631839,1.80778751239274,2.54626661847184
"FV2","~1","",2,2,1.8089789042605,0.0198777634674504,91.0051529299403,0,1.77001920377109,1.84793860474991,1.8089789042605,2.55886832859434
"FV3","~1","",2,2,1.80532616891584,0.0192900935727802,93.5882535823101,0,1.76751828025478,1.8431340575769,1.80532616891584,2.6159458468915
"FV4","~1","",2,2,1.79271417830917,0.0187968212973638,95.3732628484687,0,1.7558730855425,1.82955527107584,1.79271417830917,2.63974990405577
"FV5","~1","",2,2,1.78461929828767,0.0193402738204,92.2747689541634,0,1.74671305814854,1.8225255384268,1.78461929828767,2.5677863633741
"FV6","~1","",2,2,1.79042998364337,0.0194637731441845,91.9878160508832,0,1.75228168927751,1.82857827800923,1.79042998364337,2.56154443264987
"FV7","~1","",2,2,1.82186125702022,0.0200951111266895,90.6619150068044,0,1.78247556294657,1.86124695109386,1.82186125702022,2.57877613005118
"riBMI","~1","",2,2,0,0,NA,NA,0,0,0,0
"riPA","~1","",2,2,0,0,NA,NA,0,0,0,0
"riFV","~1","",2,2,0,0,NA,NA,0,0,0,0
"wBMI1","~1","",2,2,0,0,NA,NA,0,0,0,0
"wPA1","~1","",2,2,0,0,NA,NA,0,0,0,0
"wFV1","~1","",2,2,0,0,NA,NA,0,0,0,0
"wBMI2","~1","",2,2,0,0,NA,NA,0,0,0,0
"wPA2","~1","",2,2,0,0,NA,NA,0,0,0,0
"wFV2","~1","",2,2,0,0,NA,NA,0,0,0,0
"wBMI3","~1","",2,2,0,0,NA,NA,0,0,0,0
"wPA3","~1","",2,2,0,0,NA,NA,0,0,0,0
"wFV3","~1","",2,2,0,0,NA,NA,0,0,0,0
"wBMI4","~1","",2,2,0,0,NA,NA,0,0,0,0
"wPA4","~1","",2,2,0,0,NA,NA,0,0,0,0
"wFV4","~1","",2,2,0,0,NA,NA,0,0,0,0
"wBMI5","~1","",2,2,0,0,NA,NA,0,0,0,0
"wPA5","~1","",2,2,0,0,NA,NA,0,0,0,0
"wFV5","~1","",2,2,0,0,NA,NA,0,0,0,0
"wBMI6","~1","",2,2,0,0,NA,NA,0,0,0,0
"wPA6","~1","",2,2,0,0,NA,NA,0,0,0,0
"wFV6","~1","",2,2,0,0,NA,NA,0,0,0,0
"wBMI7","~1","",2,2,0,0,NA,NA,0,0,0,0
"wPA7","~1","",2,2,0,0,NA,NA,0,0,0,0
"wFV7","~1","",2,2,0,0,NA,NA,0,0,0,0
"riBMI","=~","BMI1",3,3,1,0,NA,NA,1,1,3.85003006112962,0.953525517244604
"riBMI","=~","BMI2",3,3,1,0,NA,NA,1,1,3.85003006112962,0.959186279448218
"riBMI","=~","BMI3",3,3,1,0,NA,NA,1,1,3.85003006112962,0.970710935627823
"riBMI","=~","BMI4",3,3,1,0,NA,NA,1,1,3.85003006112962,0.964607713646829
"riBMI","=~","BMI5",3,3,1,0,NA,NA,1,1,3.85003006112962,0.959090203841211
"riBMI","=~","BMI6",3,3,1,0,NA,NA,1,1,3.85003006112962,0.947656349819907
"riBMI","=~","BMI7",3,3,1,0,NA,NA,1,1,3.85003006112962,0.941293536361473
"riPA","=~","PA1",3,3,1,0,NA,NA,1,1,1.99890273889136,0.678249914011256
"riPA","=~","PA2",3,3,1,0,NA,NA,1,1,1.99890273889136,0.660145807463589
"riPA","=~","PA3",3,3,1,0,NA,NA,1,1,1.99890273889136,0.665058522359809
"riPA","=~","PA4",3,3,1,0,NA,NA,1,1,1.99890273889136,0.674699040629164
"riPA","=~","PA5",3,3,1,0,NA,NA,1,1,1.99890273889136,0.683947486910349
"riPA","=~","PA6",3,3,1,0,NA,NA,1,1,1.99890273889136,0.716829412334927
"riPA","=~","PA7",3,3,1,0,NA,NA,1,1,1.99890273889136,0.688612845211924
"riFV","=~","FV1",3,3,1,0,NA,NA,1,1,0.515535086031176,0.73111444754587
"riFV","=~","FV2",3,3,1,0,NA,NA,1,1,0.515535086031176,0.727964497207339
"riFV","=~","FV3",3,3,1,0,NA,NA,1,1,0.515535086031176,0.749673154728324
"riFV","=~","FV4",3,3,1,0,NA,NA,1,1,0.515535086031176,0.749601635370164
"riFV","=~","FV5",3,3,1,0,NA,NA,1,1,0.515535086031176,0.745903890373897
"riFV","=~","FV6",3,3,1,0,NA,NA,1,1,0.515535086031176,0.744636856127218
"riFV","=~","FV7",3,3,1,0,NA,NA,1,1,0.515535086031176,0.736948185895626
"wBMI1","=~","BMI1",3,3,1,0,NA,NA,1,1,1.21660228414757,0.301312276489709
"wPA1","=~","PA1",3,3,1,0,NA,NA,1,1,2.1656564753219,0.734831309991432
"wFV1","=~","FV1",3,3,1,0,NA,NA,1,1,0.481082418787678,0.682254838450925
"wBMI2","=~","BMI2",3,3,1,0,NA,NA,1,1,1.13501635962733,0.282774965862051
"wPA2","=~","PA2",3,3,1,0,NA,NA,1,1,2.27442293473138,0.751137479352646
"wFV2","=~","FV2",3,3,1,0,NA,NA,1,1,0.485543594644723,0.685614826856644
"wBMI3","=~","BMI3",3,3,1,0,NA,NA,1,1,0.952880436985733,0.240250451513741
"wPA3","=~","PA3",3,3,1,0,NA,NA,1,1,2.24455895601827,0.746791243813549
"wFV3","=~","FV3",3,3,1,0,NA,NA,1,1,0.45511216649394,0.661808250990936
"wBMI4","=~","BMI4",3,3,1,0,NA,NA,1,1,1.05246005586403,0.263689132830756
"wPA4","=~","PA4",3,3,1,0,NA,NA,1,1,2.18671723659801,0.738092951174908
"wFV4","=~","FV4",3,3,1,0,NA,NA,1,1,0.455211300029278,0.661889256787248
"wBMI5","=~","BMI5",3,3,1,0,NA,NA,1,1,1.1364374570234,0.283100655060746
"wPA5","=~","PA5",3,3,1,0,NA,NA,1,1,2.13212567999659,0.729531243435823
"wFV5","=~","FV5",3,3,1,0,NA,NA,1,1,0.460346165051828,0.666053591180985
"wBMI6","=~","BMI6",3,3,1,0,NA,NA,1,1,1.29718348701465,0.319292096122046
"wPA6","=~","PA6",3,3,1,0,NA,NA,1,1,1.94430095705382,0.697248588102954
"wFV6","=~","FV6",3,3,1,0,NA,NA,1,1,0.462109960193356,0.667469813921928
"wBMI7","=~","BMI7",3,3,1,0,NA,NA,1,1,1.38078992118733,0.337589215473647
"wPA7","=~","PA7",3,3,1,0,NA,NA,1,1,2.10490225962182,0.72512919497779
"wFV7","=~","FV7",3,3,1,0,NA,NA,1,1,0.472863024612813,0.675949237225064
"wBMI2","~","wBMI1",3,3,0.437551829468347,0.0703148349300629,6.22275270792498,4.88507012619266e-10,0.299737285426545,0.575366373510149,0.469003420654593,0.469003420654593
"wBMI2","~","wPA1",3,3,-0.0434634429546273,0.0172987176860635,-2.51252397682882,0.0119870959126946,-0.0773683065980379,-0.00955857931121675,-0.0829299823531868,-0.0829299823531868
"wBMI2","~","wFV1",3,3,-0.098965446499508,0.0737843705681577,-1.34127926737668,0.179829798554522,-0.243580155435054,0.0456492624360382,-0.0419470045295368,-0.0419470045295368
"wPA2","~","wBMI1",3,3,-0.217323952516986,0.0854137237303039,-2.54436808308688,0.0109475654368345,-0.384731774813836,-0.049916130220136,-0.116247867973319,-0.116247867973319
"wPA2","~","wPA1",3,3,0.492827379991566,0.0652693159546364,7.55067481225162,4.32986979603811e-14,0.364901871424913,0.620752888558219,0.469259604445869,0.469259604445869
"wPA2","~","wFV1",3,3,0.11530383345859,0.134414878578317,0.857820463613394,0.390991608242221,-0.148144487541235,0.378752154458414,0.0243888883851328,0.0243888883851328
"wFV2","~","wBMI1",3,3,0.0112451903581749,0.0165287864080978,0.680339746701887,0.496289362966562,-0.021150635709852,0.0436410164262018,0.0281765106703555,0.0281765106703555
"wFV2","~","wPA1",3,3,0.00508988377383377,0.00721074831914564,0.705874556780653,0.480266151439822,-0.00904292323327442,0.019222690780942,0.022702265821269,0.022702265821269
"wFV2","~","wFV1",3,3,0.231765821205506,0.0357500090603017,6.48295839071181,8.99413876709332e-11,0.161697091000334,0.301834551410678,0.229636356215227,0.229636356215227
"wBMI3","~","wBMI2",3,3,0.251652584194234,0.0853695573408493,2.94780237865681,0.00320041585787556,0.0843313264300427,0.418973841958426,0.299754081326812,0.299754081326812
"wBMI3","~","wPA2",3,3,-0.0594919463084236,0.0236753091354594,-2.51282658942435,0.0119768190651566,-0.105894699536776,-0.0130891930800711,-0.142000865862789,-0.142000865862789
"wBMI3","~","wFV2",3,3,0.152684339174272,0.0723192044471566,2.11125579078843,0.0347503317503592,0.0109413030672563,0.294427375281288,0.0778008446926907,0.0778008446926907
"wPA3","~","wBMI2",3,3,-0.180948007118589,0.0959953424339743,-1.88496652577749,0.0594343573256326,-0.369095420972768,0.00719940673559027,-0.0915008036527105,-0.0915008036527105
"wPA3","~","wPA2",3,3,0.351781843716128,0.0749532968385099,4.69334717156014,2.68770796307827e-06,0.204876081390109,0.498687606042147,0.356462320236573,0.356462320236573
"wPA3","~","wFV2",3,3,0.248101275261751,0.143575746600899,1.72801661238374,0.0839852460834445,-0.0333020171294592,0.529504567652961,0.0536693343266988,0.0536693343266988
"wFV3","~","wBMI2",3,3,0.000545457702859834,0.0197840207489515,0.0275706192275775,0.978004615213634,-0.0382305104344782,0.0393214258401978,0.00136033150025423,0.00136033150025423
"wFV3","~","wPA2",3,3,0.00412978104375863,0.00709008943096482,0.58247234875804,0.560248561480786,-0.00976653888810049,0.0180261009756178,0.0206385797015791,0.0206385797015791
"wFV3","~","wFV2",3,3,0.0724573397365462,0.0365643408817402,1.98163943309944,0.0475196104284894,0.000792548489889869,0.144122130983203,0.0773022559803288,0.0773022559803288
"wBMI4","~","wBMI3",3,3,0.354292054643568,0.0929876383606501,3.81009842694849,0.000138911476929016,0.172039632449259,0.536544476837878,0.320770337998417,0.320770337998417
"wBMI4","~","wPA3",3,3,-0.070741278840786,0.0197337987055941,-3.58477756341623,0.000337365610161511,-0.109418813581914,-0.0320637440996584,-0.150868405976622,-0.150868405976622
"wBMI4","~","wFV3",3,3,-0.139335729235891,0.079137772969542,-1.76067286211753,0.0782937885051507,-0.294442914072901,0.0157714556011187,-0.0602525342878686,-0.0602525342878686
"wPA4","~","wBMI3",3,3,-0.257899604647727,0.123927040457851,-2.08105998250997,0.0374284161096903,-0.500792140655753,-0.0150070686397019,-0.112381922940113,-0.112381922940113
"wPA4","~","wPA3",3,3,0.349127798234395,0.0615603067633876,5.67131349062796,1.41706817391452e-08,0.228471814100918,0.469783782367873,0.358362715218315,0.358362715218315
"wPA4","~","wFV3",3,3,0.26255146232802,0.137539908637527,1.90891112935046,0.0562735570790616,-0.00702180503846145,0.532124729694502,0.054643720201408,0.054643720201408
"wFV4","~","wBMI3",3,3,-0.0287054377180637,0.0224000116295787,-1.28149208994869,0.20002087653134,-0.0726086537653164,0.0151977783291889,-0.0600882492040423,-0.0600882492040423
"wFV4","~","wPA3",3,3,0.00678703440061451,0.00712868310335021,0.952074079071472,0.341059413812623,-0.00718492773915111,0.0207589965403801,0.0334655551119307,0.0334655551119307
"wFV4","~","wFV3",3,3,0.111800234374922,0.0357211254327693,3.12980716649987,0.0017492108777466,0.0417881150394567,0.181812353710388,0.111775887104799,0.111775887104799
"wBMI5","~","wBMI4",3,3,0.442083035232056,0.103846525579851,4.25708065593513,2.0711365075865e-05,0.238547585175931,0.645618485288182,0.40941517113976,0.40941517113976
"wBMI5","~","wPA4",3,3,-0.0165367379461686,0.0189989257664492,-0.87040384016718,0.384079748825007,-0.053773948193359,0.0207004723010219,-0.0318197624343585,-0.0318197624343585
"wBMI5","~","wFV4",3,3,-0.00777856947898037,0.0917630167051532,-0.084768022655292,0.93244581623367,-0.187630777333828,0.172073638375867,-0.00311578318983709,-0.00311578318983709
"wPA5","~","wBMI4",3,3,-0.130516511189987,0.0724015000270736,-1.80267689400332,0.0714389730130067,-0.272420843669727,0.0113878212897535,-0.064425571131628,-0.064425571131628
"wPA5","~","wPA4",3,3,0.0856170688122485,0.057554325275287,1.48758704758913,0.136859831340001,-0.0271873358818173,0.198421473506314,0.0878092327648532,0.0878092327648532
"wPA5","~","wFV4",3,3,-0.309032518492818,0.154451048492152,-2.00084441970313,0.0454091587879635,-0.611751010911885,-0.00631402607375192,-0.0659788003184984,-0.0659788003184984
"wFV5","~","wBMI4",3,3,-0.0313310789478659,0.018165487970986,-1.72475845393793,0.0845710118458578,-0.066934781132594,0.00427262323686226,-0.071630246112811,-0.071630246112811
"wFV5","~","wPA4",3,3,0.00743124691706259,0.00696821388313136,1.06644931422845,0.28622057944521,-0.00622620133044688,0.0210886951645721,0.0352996005106875,0.0352996005106875
"wFV5","~","wFV4",3,3,0.122622860820306,0.0371159471878847,3.30377829776448,0.00095391237144149,0.0498769410799613,0.195368780560651,0.121255081773161,0.121255081773161
"wBMI6","~","wBMI5",3,3,0.718042636310394,0.0519097962285442,13.8325073199874,0,0.616301305257634,0.819783967363154,0.629063317419291,0.629063317419291
"wBMI6","~","wPA5",3,3,-0.00134149813261383,0.0140385172613634,-0.0955583917901273,0.923871312454908,-0.0288564863612299,0.0261734900960023,-0.00220496379027765,-0.00220496379027765
"wBMI6","~","wFV5",3,3,-0.185474706981897,0.0682127284925347,-2.71906301185702,0.00654671352970126,-0.319169198114474,-0.0517802158493195,-0.0658215055371447,-0.0658215055371447
"wPA6","~","wBMI5",3,3,0.0280555354652938,0.0691534217782376,0.405699887928362,0.684963124634005,-0.10748268062776,0.163593751558347,0.016398367374113,0.016398367374113
"wPA6","~","wPA5",3,3,0.163839357433095,0.0614553185921208,2.66599150710612,0.00767616321282749,0.0433891463341035,0.284289568532086,0.179666681801449,0.179666681801449
"wPA6","~","wFV5",3,3,-0.104701869148282,0.180132157134306,-0.581250293195661,0.561071776076536,-0.457754409589033,0.248350671292468,-0.0247899399325533,-0.0247899399325533
"wFV6","~","wBMI5",3,3,-0.0250767673818891,0.017468003474992,-1.43558291694813,0.151121058614925,-0.059313425074694,0.00915989031091579,-0.0616696894867127,-0.0616696894867127
"wFV6","~","wPA5",3,3,-0.00597359589535935,0.00762663871323776,-0.7832540808562,0.433477922561987,-0.0209215330964043,0.00897434130568556,-0.027561529305901,-0.027561529305901
"wFV6","~","wFV5",3,3,0.0991300337932524,0.038809690202653,2.55425985818552,0.0106413805580188,0.0230644387448955,0.175195628841609,0.0987516713101957,0.0987516713101957
"wBMI7","~","wBMI6",3,3,0.654358277302917,0.0464794484303417,14.0784432561328,0,0.563260232358161,0.745456322247673,0.614737071066394,0.614737071066394
"wBMI7","~","wPA6",3,3,0.00397526623076648,0.0211962494102553,0.187545737636166,0.851232766367801,-0.0375686192206622,0.0455191516821951,0.00559760309546349,0.00559760309546349
"wBMI7","~","wFV6",3,3,-0.0514055533690586,0.0771944080380791,-0.665923279620213,0.505460139777991,-0.202703812931583,0.0998927061934657,-0.017203933673463,-0.017203933673463
"wPA7","~","wBMI6",3,3,-0.0231491512476141,0.063224576114087,-0.366141659943155,0.714259372480275,-0.147067043369036,0.100768740873808,-0.0142660765361166,-0.0142660765361166
"wPA7","~","wPA6",3,3,0.187334025651556,0.0692193444707099,2.70638254499544,0.00680206396536742,0.051666603455493,0.323001447847619,0.173040683337243,0.173040683337243
"wPA7","~","wFV6",3,3,-0.0892405063900132,0.147846886448477,-0.603600850404873,0.546109047298145,-0.37901507905541,0.200534066275384,-0.0195918488219653,-0.0195918488219653
"wFV7","~","wBMI6",3,3,-0.0280401775250919,0.0117846242355878,-2.37938664521987,0.0173414757088048,-0.0511376165981818,-0.00494273845200201,-0.0769213352815893,-0.0769213352815893
"wFV7","~","wPA6",3,3,0.0117220325229199,0.0102029290262379,1.14888896049119,0.250601770307272,-0.00827534090532472,0.0317194059511645,0.0481982262656102,0.0481982262656102
"wFV7","~","wFV6",3,3,0.147963991198304,0.0377308731064066,3.92156287454636,8.79764851251519e-05,0.0740128388044959,0.221915143592111,0.144599240210598,0.144599240210598
"wBMI1","~~","wPA1",3,3,-0.348698463947054,0.133340328898823,-2.61510127376122,0.00892010023109191,-0.610040706275473,-0.0873562216186343,-0.132346310421623,-0.132346310421623
"wBMI1","~~","wFV1",3,3,-0.00234645859023762,0.0239563210448385,-0.0979473678719616,0.921974086665361,-0.0492999850402001,0.0446070678597249,-0.00400908053886939,-0.00400908053886939
"wPA1","~~","wFV1",3,3,0.0741119544869731,0.0339505053058411,2.18294113207859,0.02904014546106,0.00757018683058845,0.140653722143358,0.0711343246240422,0.0711343246240422
"wBMI2","~~","wPA2",3,3,-0.161172393037188,0.077626506349183,-2.07625462766796,0.0378704072837202,-0.313317549727256,-0.00902723634711933,-0.0826928070290109,-0.0826928070290109
"wBMI2","~~","wFV2",3,3,0.00564782539737761,0.0166181602462914,0.339858643416199,0.73396298249948,-0.0269231701746688,0.038218820969424,0.01208645327948,0.01208645327948
"wPA2","~~","wFV2",3,3,0.0337520851131569,0.0290704232529077,1.16104553482141,0.245623382263518,-0.0232248974778778,0.0907290677041917,0.0363053693637749,0.0363053693637749
"wBMI3","~~","wPA3",3,3,-0.280712093133944,0.093267527418785,-3.00975163492332,0.00261461395998408,-0.463513087801865,-0.0979110984660235,-0.152974674381435,-0.152974674381435
"wBMI3","~~","wFV3",3,3,-0.0106168506674321,0.017470303595715,-0.607708424141877,0.543380874842224,-0.0448580165140141,0.0236243151791498,-0.0263556472351061,-0.0263556472351061
"wPA3","~~","wFV3",3,3,0.0381666687839617,0.0271014746047091,1.40828753197547,0.159045946054733,-0.0149512453691951,0.0912845829371185,0.0407177324125098,0.0407177324125098
"wBMI4","~~","wPA4",3,3,-0.191799072393948,0.0685887907564871,-2.79636177104941,0.00516815135045934,-0.326230632019816,-0.0573675127680794,-0.0990709735310122,-0.0990709735310122
"wBMI4","~~","wFV4",3,3,-0.0192159781550464,0.0155782911899112,-1.23351001215659,0.217385543608242,-0.04974886782795,0.0113169115178573,-0.0439974750074931,-0.0439974750074931
"wPA4","~~","wFV4",3,3,0.00196182986902787,0.0250309723950764,0.0783760949460264,0.937528888495648,-0.0470979745233382,0.0510216342613939,0.00217679935243227,0.00217679935243227
"wBMI5","~~","wPA5",3,3,-0.0544750081406691,0.0682343306643647,-0.798351908933117,0.424666302620476,-0.188211838752021,0.0792618224706827,-0.0249608886891291,-0.0249608886891291
"wBMI5","~~","wFV5",3,3,-0.0247735215181008,0.0159001894279414,-1.5580645520214,0.119217946669885,-0.0559373201442305,0.00639027710802878,-0.0527435056257933,-0.0527435056257933
"wPA5","~~","wFV5",3,3,0.0316109564490644,0.0294643619091437,1.07285392931773,0.283336659571651,-0.026138131720311,0.0893600446184399,0.0328853765545132,0.0328853765545132
"wBMI6","~~","wPA6",3,3,-0.0278833643294988,0.0594374752209337,-0.469120941390161,0.638983191238212,-0.144378675094521,0.0886119464355232,-0.0146004319160525,-0.0146004319160525
"wBMI6","~~","wFV6",3,3,-0.0403459322577026,0.0139306254070011,-2.89620394482978,0.00377706844056047,-0.0676494563375434,-0.0130424081778618,-0.0880887381581043,-0.0880887381581043
"wPA6","~~","wFV6",3,3,0.0141594845503311,0.0287470354812649,0.492554599571117,0.622327333863636,-0.0421836696552431,0.0705026387559053,0.0161439733076703,0.0161439733076703
"wBMI7","~~","wPA7",3,3,0.0015650063035521,0.066597415601585,0.0234995050395747,0.981251833298114,-0.128963529739,0.132093542346105,0.000694875629499445,0.000694875629499445
"wBMI7","~~","wFV7",3,3,-0.0351649036297407,0.0146595988901162,-2.3987630148223,0.0164505575603759,-0.0638971894821717,-0.00643261777730965,-0.0695549191301664,-0.0695549191301664
"wPA7","~~","wFV7",3,3,0.0335529684118806,0.0284913348179291,1.17765519328235,0.238934096581397,-0.0222890217027326,0.0893949585264937,0.0347949734532297,0.0347949734532297
"riBMI","~~","riBMI",3,3,14.8227314716018,0.680731851301304,21.774699455103,0,13.4885215599219,16.1569413832816,1,1
"riPA","~~","riPA",3,3,3.99561215954738,0.345568628388397,11.5624273481694,0,3.31831009371922,4.67291422537554,1,1
"riFV","~~","riFV",3,3,0.265776424929172,0.00795663256692885,33.4031291119125,0,0.250181711659773,0.281371138198571,1,1
"riBMI","~~","riPA",3,3,-0.865923974066458,0.187508509880478,-4.61805159999628,3.87359943210264e-06,-1.23343390022697,-0.498414047905949,-0.112518511991101,-0.112518511991101
"riBMI","~~","riFV",3,3,-0.0169797489518528,0.046181998913522,-0.367670290401423,0.713119095982374,-0.107494803556424,0.0735353056527181,-0.0085547814041318,-0.0085547814041318
"riPA","~~","riFV",3,3,0.119674439250651,0.0286910631955435,4.17113992726625,3.03079673735773e-05,0.0634409887092227,0.175907889792078,0.116131894404751,0.116131894404751
"wBMI1","~~","wBMI1",3,3,1.48012111779309,0.185395441557945,7.98358959289992,1.33226762955019e-15,1.11675272944162,1.84348950614456,1,1
"wPA1","~~","wPA1",3,3,4.69006796910368,0.49368609004432,9.50010150920523,0,3.72246101294841,5.65767492525894,1,1
"wFV1","~~","wFV1",3,3,0.231440293666603,0.0108122189327394,21.4054390783563,0,0.210248733965472,0.252631853367734,1,1
"wBMI2","~~","wBMI2",3,3,0.97966040666241,0.0999669380517843,9.79984408600103,0,0.783728808436166,1.17559200488865,0.760451137088809,0.760451137088809
"wPA2","~~","wPA2",3,3,3.87766497032902,0.405142134259944,9.57112243438265,0,3.08360097855984,4.6717289620982,0.749596985439473,0.749596985439473
"wFV2","~~","wFV2",3,3,0.222889296061712,0.00927046992242901,24.0429339533752,0,0.20471950889399,0.241059083229435,0.945437347437365,0.945437347437365
"wBMI3","~~","wBMI3",3,3,0.788611191105273,0.105963298165247,7.44230506939727,9.9031893796564e-14,0.58092694301831,0.996295439192237,0.868532580127237,0.868532580127237
"wPA3","~~","wPA3",3,3,4.26992487746728,0.395772474132622,10.7888374168145,0,3.49422508209503,5.04562467283953,0.847536089148207,0.847536089148207
"wFV3","~~","wFV3",3,3,0.205769550941655,0.00901661792829218,22.821145642203,0,0.188097304539844,0.223441797343466,0.9934458926262,0.9934458926262
"wBMI4","~~","wBMI4",3,3,0.938192316802174,0.116642513673222,8.04331360202466,8.88178419700125e-16,0.709577190936439,1.16680744266791,0.846994573754456,0.846994573754456
"wPA4","~~","wPA4",3,3,3.99492169942988,0.347933898802495,11.4818409852545,0,3.31298378877638,4.67685961008337,0.835454908700171,0.835454908700171
"wFV4","~~","wFV4",3,3,0.203318835735512,0.0084384709413615,24.0942745609203,0,0.186779736605855,0.219857934865168,0.981186457799706,0.981186457799706
"wBMI5","~~","wBMI5",3,3,1.06640260217439,0.102959117192613,10.3575344394163,0,0.864606440596827,1.26819876375195,0.825714891159505,0.825714891159505
"wPA5","~~","wPA5",3,3,4.46635587529922,0.544777465727884,8.19849600300862,2.22044604925031e-16,3.39861166288356,5.53410008771488,0.982489058090071,0.982489058090071
"wFV5","~~","wFV5",3,3,0.206878953338549,0.00921518455385911,22.4497894892308,0,0.188817523502095,0.224940383175002,0.976218989096362,0.976218989096362
"wBMI6","~~","wBMI6",3,3,0.997290823344396,0.0662953630992284,15.0431459565534,0,0.867354299327903,1.12722734736089,0.592678263576876,0.592678263576876
"wPA6","~~","wPA6",3,3,3.65710236677527,0.401707786645749,9.10388717458526,0,2.8697695726403,4.44443516091024,0.967409030398891,0.967409030398891
"wFV6","~~","wFV6",3,3,0.210347284252306,0.00901501167808912,23.3330018599479,0,0.192678186043043,0.228016382461569,0.985022726629356,0.985022726629356
"wBMI7","~~","wBMI7",3,3,1.18079948131521,0.0987479933067087,11.9577060938107,0,0.987256970888455,1.37434199174196,0.619328316596377,0.619328316596377
"wPA7","~~","wPA7",3,3,4.29577837680998,0.413023744291171,10.4008024627794,0,3.48626671323941,5.10529004038056,0.969567387210714,0.969567387210714
"wFV7","~~","wFV7",3,3,0.216464662885198,0.00995788997023838,21.7380050926608,0,0.196947557181518,0.235981768588878,0.968091256582249,0.968091256582249
"BMI1","~~","BMI1",3,3,0,0,NA,NA,0,0,0,0
"PA1","~~","PA1",3,3,0,0,NA,NA,0,0,0,0
"FV1","~~","FV1",3,3,0,0,NA,NA,0,0,0,0
"BMI2","~~","BMI2",3,3,0,0,NA,NA,0,0,0,0
"PA2","~~","PA2",3,3,0,0,NA,NA,0,0,0,0
"FV2","~~","FV2",3,3,0,0,NA,NA,0,0,0,0
"BMI3","~~","BMI3",3,3,0,0,NA,NA,0,0,0,0
"PA3","~~","PA3",3,3,0,0,NA,NA,0,0,0,0
"FV3","~~","FV3",3,3,0,0,NA,NA,0,0,0,0
"BMI4","~~","BMI4",3,3,0,0,NA,NA,0,0,0,0
"PA4","~~","PA4",3,3,0,0,NA,NA,0,0,0,0
"FV4","~~","FV4",3,3,0,0,NA,NA,0,0,0,0
"BMI5","~~","BMI5",3,3,0,0,NA,NA,0,0,0,0
"PA5","~~","PA5",3,3,0,0,NA,NA,0,0,0,0
"FV5","~~","FV5",3,3,0,0,NA,NA,0,0,0,0
"BMI6","~~","BMI6",3,3,0,0,NA,NA,0,0,0,0
"PA6","~~","PA6",3,3,0,0,NA,NA,0,0,0,0
"FV6","~~","FV6",3,3,0,0,NA,NA,0,0,0,0
"BMI7","~~","BMI7",3,3,0,0,NA,NA,0,0,0,0
"PA7","~~","PA7",3,3,0,0,NA,NA,0,0,0,0
"FV7","~~","FV7",3,3,0,0,NA,NA,0,0,0,0
"BMI1","~1","",3,3,24.5072556395295,0.084770135947266,289.102469468434,0,24.3411092261082,24.6734020529507,24.5072556395295,6.06963925966636
"BMI2","~1","",3,3,24.6097349223175,0.0843602566711417,291.721906658637,0,24.4443918575155,24.7750779871195,24.6097349223175,6.13120409543469
"BMI3","~1","",3,3,24.7473414552127,0.0832293088869798,297.339264090467,0,24.5842150073361,24.9104679030893,24.7473414552127,6.23956556101341
"BMI4","~1","",3,3,24.821027186338,0.0841517919108515,294.955420707295,0,24.6560927049582,24.9859616677177,24.821027186338,6.21879671182473
"BMI5","~1","",3,3,24.8496481733904,0.0841519044764911,295.295137144906,0,24.6847134713861,25.0145828753948,24.8496481733904,6.19035533582475
"BMI6","~1","",3,3,24.8837511213851,0.0850462480146634,292.590816200319,0,24.7170635382561,25.0504387045141,24.8837511213851,6.12495081417623
"BMI7","~1","",3,3,24.9219697887373,0.0849405594308574,293.404822804635,0,24.7554893514261,25.0884502260484,24.9219697887373,6.09317036570133
"PA1","~1","",3,3,2.60087046863407,0.067545079481645,38.5056985437532,0,2.46848454551715,2.73325639175099,2.60087046863407,0.882504254651155
"PA2","~1","",3,3,2.49916019449594,0.0694732315034414,35.9729947839282,0,2.36299516285958,2.63532522613229,2.49916019449594,0.82535787883877
"PA3","~1","",3,3,2.46947289519188,0.0656089546097631,37.6392660099542,0,2.34088170709342,2.59806408329034,2.46947289519188,0.821622764694794
"PA4","~1","",3,3,2.39186926884322,0.0657344135514957,36.386865564252,0,2.26303218573743,2.52070635194901,2.39186926884322,0.80733888127741
"PA5","~1","",3,3,2.12440253426039,0.0655845990754425,32.3917896001266,0,1.99585908213203,2.25294598638876,2.12440253426039,0.726888680586445
"PA6","~1","",3,3,2.13908626478258,0.0620820445580103,34.4557960359019,0,2.01740769336227,2.26076483620289,2.13908626478258,0.767100830012493
"PA7","~1","",3,3,2.12648138224952,0.065075121875897,32.6773323038084,0,1.9989364870832,2.25402627741583,2.12648138224952,0.732563103962314
"FV1","~1","",3,3,2.00608144718137,0.0158572062645852,126.509134945268,0,1.97500189400736,2.03716100035538,2.00608144718137,2.84495695584787
"FV2","~1","",3,3,1.96871109201266,0.0155962902425136,126.22944696465,0,1.9381429248449,1.99927925918042,1.96871109201266,2.77993063726577
"FV3","~1","",3,3,1.98270349870364,0.0149671868484826,132.470017163222,0,1.95336835153073,2.01203864587655,1.98270349870364,2.88317832682712
"FV4","~1","",3,3,1.94081029984014,0.0150400700460778,129.04263702856,0,1.91133230422487,1.97028829545541,1.94081029984014,2.82198945158788
"FV5","~1","",3,3,1.95810700684099,0.0152829556748302,128.123580837563,0,1.92815296414101,1.98806104954098,1.95810700684099,2.83309453371086
"FV6","~1","",3,3,1.93499602462326,0.015375937949639,125.845722775481,0,1.90485974001345,1.96513230923308,1.93499602462326,2.79490066813221
"FV7","~1","",3,3,1.97568692231618,0.0159260918890052,124.053467485022,0,1.94447235579925,2.0069014888331,1.97568692231618,2.82420912319937
"riBMI","~1","",3,3,0,0,NA,NA,0,0,0,0
"riPA","~1","",3,3,0,0,NA,NA,0,0,0,0
"riFV","~1","",3,3,0,0,NA,NA,0,0,0,0
"wBMI1","~1","",3,3,0,0,NA,NA,0,0,0,0
"wPA1","~1","",3,3,0,0,NA,NA,0,0,0,0
"wFV1","~1","",3,3,0,0,NA,NA,0,0,0,0
"wBMI2","~1","",3,3,0,0,NA,NA,0,0,0,0
"wPA2","~1","",3,3,0,0,NA,NA,0,0,0,0
"wFV2","~1","",3,3,0,0,NA,NA,0,0,0,0
"wBMI3","~1","",3,3,0,0,NA,NA,0,0,0,0
"wPA3","~1","",3,3,0,0,NA,NA,0,0,0,0
"wFV3","~1","",3,3,0,0,NA,NA,0,0,0,0
"wBMI4","~1","",3,3,0,0,NA,NA,0,0,0,0
"wPA4","~1","",3,3,0,0,NA,NA,0,0,0,0
"wFV4","~1","",3,3,0,0,NA,NA,0,0,0,0
"wBMI5","~1","",3,3,0,0,NA,NA,0,0,0,0
"wPA5","~1","",3,3,0,0,NA,NA,0,0,0,0
"wFV5","~1","",3,3,0,0,NA,NA,0,0,0,0
"wBMI6","~1","",3,3,0,0,NA,NA,0,0,0,0
"wPA6","~1","",3,3,0,0,NA,NA,0,0,0,0
"wFV6","~1","",3,3,0,0,NA,NA,0,0,0,0
"wBMI7","~1","",3,3,0,0,NA,NA,0,0,0,0
"wPA7","~1","",3,3,0,0,NA,NA,0,0,0,0
"wFV7","~1","",3,3,0,0,NA,NA,0,0,0,0
