"lhs","op","rhs","block","group","est","se","z","pvalue","ci.lower","ci.upper","std.lv","std.all","std.nox"
"riBMI","=~","BMI1",1,1,1,0,NA,NA,1,1,4.45253992442917,0.940753656063958,0.940753656063958
"riBMI","=~","BMI2",1,1,1,0,NA,NA,1,1,4.45253992442917,0.954775105497588,0.954775105497588
"riBMI","=~","BMI3",1,1,1,0,NA,NA,1,1,4.45253992442917,0.963019515279465,0.963019515279465
"riBMI","=~","BMI4",1,1,1,0,NA,NA,1,1,4.45253992442917,0.974649147394004,0.974649147394004
"riBMI","=~","BMI5",1,1,1,0,NA,NA,1,1,4.45253992442917,0.97091211730775,0.97091211730775
"riBMI","=~","BMI6",1,1,1,0,NA,NA,1,1,4.45253992442917,0.968132266658338,0.968132266658338
"riBMI","=~","BMI7",1,1,1,0,NA,NA,1,1,4.45253992442917,0.960816152272399,0.960816152272399
"riPA","=~","PA1",1,1,1,0,NA,NA,1,1,2.13752964240623,0.69853331955444,0.69853331955444
"riPA","=~","PA2",1,1,1,0,NA,NA,1,1,2.13752964240623,0.703098364901985,0.703098364901985
"riPA","=~","PA3",1,1,1,0,NA,NA,1,1,2.13752964240623,0.715825267142027,0.715825267142027
"riPA","=~","PA4",1,1,1,0,NA,NA,1,1,2.13752964240623,0.663575724332328,0.663575724332328
"riPA","=~","PA5",1,1,1,0,NA,NA,1,1,2.13752964240623,0.70835416418726,0.70835416418726
"riPA","=~","PA6",1,1,1,0,NA,NA,1,1,2.13752964240623,0.687181630344367,0.687181630344367
"riPA","=~","PA7",1,1,1,0,NA,NA,1,1,2.13752964240623,0.662339791123571,0.662339791123571
"riFV","=~","FV1",1,1,1,0,NA,NA,1,1,0.51198264308862,0.723590498961835,0.723590498961835
"riFV","=~","FV2",1,1,1,0,NA,NA,1,1,0.51198264308862,0.727327946980082,0.727327946980082
"riFV","=~","FV3",1,1,1,0,NA,NA,1,1,0.51198264308862,0.724030580229499,0.724030580229499
"riFV","=~","FV4",1,1,1,0,NA,NA,1,1,0.51198264308862,0.73828098473418,0.73828098473418
"riFV","=~","FV5",1,1,1,0,NA,NA,1,1,0.51198264308862,0.740223714340802,0.740223714340802
"riFV","=~","FV6",1,1,1,0,NA,NA,1,1,0.51198264308862,0.72837383404333,0.72837383404333
"riFV","=~","FV7",1,1,1,0,NA,NA,1,1,0.51198264308862,0.724771213714883,0.724771213714883
"wBMI1","=~","BMI1",1,1,1,0,NA,NA,1,1,1.6048996846429,0.339090782243186,0.339090782243186
"wPA1","=~","PA1",1,1,1,0,NA,NA,1,1,2.18968535794012,0.715577530021908,0.715577530021908
"wFV1","=~","FV1",1,1,1,0,NA,NA,1,1,0.488377797001352,0.690229519661513,0.690229519661513
"wBMI2","=~","BMI2",1,1,1,0,NA,NA,1,1,1.38657675889057,0.297328938924667,0.297328938924667
"wPA2","=~","PA2",1,1,1,0,NA,NA,1,1,2.1618333822525,0.71109260245917,0.71109260245917
"wFV2","=~","FV2",1,1,1,0,NA,NA,1,1,0.483095149084625,0.686290068077441,0.686290068077441
"wBMI3","=~","BMI3",1,1,1,0,NA,NA,1,1,1.24572259713425,0.269431648458201,0.269431648458201
"wPA3","=~","PA3",1,1,1,0,NA,NA,1,1,2.08513597718818,0.698279447586027,0.698279447586027
"wFV3","=~","FV3",1,1,1,0,NA,NA,1,1,0.487754507170496,0.689767873195421,0.689767873195421
"wBMI4","=~","BMI4",1,1,1,0,NA,NA,1,1,1.02211737572248,0.223738775101996,0.223738775101996
"wPA4","=~","PA4",1,1,1,0,NA,NA,1,1,2.40983110879887,0.748109121770899,0.748109121770899
"wFV4","=~","FV4",1,1,1,0,NA,NA,1,1,0.4677471863,0.674493282086582,0.674493282086582
"wBMI5","=~","BMI5",1,1,1,0,NA,NA,1,1,1.09803854565839,0.239436130241411,0.239436130241411
"wPA5","=~","PA5",1,1,1,0,NA,NA,1,1,2.1299947842389,0.70585719382788,0.70585719382788
"wFV5","=~","FV5",1,1,1,0,NA,NA,1,1,0.465044525696465,0.672360656736774,0.672360656736774
"wBMI6","=~","BMI6",1,1,1,0,NA,NA,1,1,1.15179676770926,0.250439442290923,0.250439442290923
"wPA6","=~","PA6",1,1,1,0,NA,NA,1,1,2.25978773844992,0.726485654997577,0.726485654997577
"wFV6","=~","FV6",1,1,1,0,NA,NA,1,1,0.481621144464974,0.685179945620871,0.685179945620871
"wBMI7","=~","BMI7",1,1,1,0,NA,NA,1,1,1.28451596047891,0.277186438218868,0.277186438218868
"wPA7","=~","PA7",1,1,1,0,NA,NA,1,1,2.41785995248597,0.749203577870784,0.749203577870784
"wFV7","=~","FV7",1,1,1,0,NA,NA,1,1,0.486706310628218,0.688989613688229,0.688989613688229
"wBMI2","~","wBMI1",1,1,0.514415452229042,0.0520956778305717,9.87443629972627,0,0.41230979993092,0.616521104527164,0.59541254515069,0.59541254515069,0.59541254515069
"wBMI2","~","wPA1",1,1,-0.000924227740364966,0.0158052021964921,-0.0584761731532985,0.953369341080139,-0.0319018548138628,0.0300533993331329,-0.00145954267407346,-0.00145954267407346,-0.00145954267407346
"wBMI2","~","wFV1",1,1,-0.0159758603805726,0.0820787978076195,-0.194640526022537,0.845674374586134,-0.176847347977852,0.144895627216707,-0.00562699140010682,-0.00562699140010682,-0.00562699140010682
"wPA2","~","wBMI1",1,1,0.0163796455879623,0.0543219478492832,0.301529054764526,0.763011097829179,-0.0900894157666959,0.12284870694262,0.0121599047616209,0.0121599047616209,0.0121599047616209
"wPA2","~","wPA1",1,1,0.36764651171926,0.0860369074236744,4.27312560072442,1.92751807737146e-05,0.199017271827651,0.536275751610868,0.372383084754954,0.372383084754954,0.372383084754954
"wPA2","~","wFV1",1,1,0.138305248373446,0.127245593706029,1.08691581645623,0.277074015668876,-0.111091532481787,0.38770202922868,0.0312444118352777,0.0312444118352777,0.0312444118352777
"wFV2","~","wBMI1",1,1,0.0158100955788133,0.010826837493342,1.46026903872305,0.144216147712101,-0.005410115974605,0.0370303071322315,0.0525230225488495,0.0525230225488495,0.0525230225488495
"wFV2","~","wPA1",1,1,0.00826563084299656,0.00819794639170273,1.00825626907762,0.313331451026105,-0.00780204883193087,0.024333310517924,0.0374649401165427,0.0374649401165427,0.0374649401165427
"wFV2","~","wFV1",1,1,0.116466636155147,0.0397193469322943,2.9322394538278,0.00336527163961997,0.0386181466783991,0.194315125631896,0.117740199414929,0.117740199414929,0.117740199414929
"wBMI3","~","wBMI2",1,1,0.461069661223037,0.075107155537896,6.13882469547659,8.31342550355885e-10,0.313862341387513,0.608276981058562,0.513202921703531,0.513202921703531,0.513202921703531
"wBMI3","~","wPA2",1,1,-0.0351709010518595,0.017411238927065,-2.02001139604074,0.0433822054700337,-0.0692963022751287,-0.00104549982859025,-0.061035762016939,-0.061035762016939,-0.061035762016939
"wBMI3","~","wFV2",1,1,-0.0591207322506647,0.0851117904740417,-0.694624468847192,0.487290673751224,-0.225936776239506,0.107695311738176,-0.0229272062868014,-0.0229272062868014,-0.0229272062868014
"wPA3","~","wBMI2",1,1,-0.0742693414336418,0.0557348170212731,-1.33254840336687,0.182680047049223,-0.183507575480267,0.0349688926129833,-0.0493877348319823,-0.0493877348319823,-0.0493877348319823
"wPA3","~","wPA2",1,1,0.35072659147385,0.111814219637531,3.13669041925797,0.00170866441039497,0.131574748024838,0.569878434922862,0.363627342191016,0.363627342191016,0.363627342191016
"wPA3","~","wFV2",1,1,0.217246900213705,0.13329144478861,1.62986379627171,0.103130286787709,-0.0439995310192793,0.47849333144669,0.0503328918569809,0.0503328918569809,0.0503328918569809
"wFV3","~","wBMI2",1,1,-0.00133841218465063,0.0137740413478646,-0.0971691714035779,0.92259204982085,-0.0283350371480308,0.0256582127787296,-0.00380480590495867,-0.00380480590495867,-0.00380480590495867
"wFV3","~","wPA2",1,1,0.00295135405530933,0.00751967975618588,0.39248400876134,0.694700624634001,-0.0117869474420899,0.0176896555527086,0.0130810389772241,0.0130810389772241,0.0130810389772241
"wFV3","~","wFV2",1,1,0.132835886871008,0.0378892485520483,3.50589921804683,0.000455067493173811,0.0585743243077072,0.207097449434309,0.131566949414794,0.131566949414794,0.131566949414794
"wBMI4","~","wBMI3",1,1,0.305931503775958,0.0676692543257851,4.52098234011993,6.15533236536514e-06,0.173302202436738,0.438560805115179,0.3728591221332,0.3728591221332,0.3728591221332
"wBMI4","~","wPA3",1,1,0.00644022658485265,0.0200074885978072,0.321890803704293,0.747535420301555,-0.0327737304879453,0.0456541836576506,0.0131381663909469,0.0131381663909469,0.0131381663909469
"wBMI4","~","wFV3",1,1,-0.0563730439436744,0.0743266276771408,-0.758450177351608,0.448181528751437,-0.202050557283188,0.0893044693958396,-0.0269012218357133,-0.0269012218357133,-0.0269012218357133
"wPA4","~","wBMI3",1,1,0.0127468688005946,0.0992322235929572,0.128454934688164,0.897788959601648,-0.181744715547427,0.207238453148616,0.00658928438994252,0.00658928438994252,0.00658928438994252
"wPA4","~","wPA3",1,1,0.20457223444558,0.129441440238595,1.58042303970428,0.114010018694984,-0.0491283265290598,0.458272795420219,0.177008639492941,0.177008639492941,0.177008639492941
"wPA4","~","wFV3",1,1,-0.128047328113032,0.158250679547783,-0.80914235868648,0.418433265811738,-0.438212960555677,0.182118304329613,-0.0259170284549113,-0.0259170284549113,-0.0259170284549113
"wFV4","~","wBMI3",1,1,0.00659339320242083,0.016792432947944,0.392640734243819,0.694584849270232,-0.0263191705883532,0.0395059569931948,0.0175597826018329,0.0175597826018329,0.0175597826018329
"wFV4","~","wPA3",1,1,0.00710251753089189,0.0091696609876406,0.774567079466196,0.438595516425389,-0.0108696877553257,0.0250747228171094,0.0316617935201728,0.0316617935201728,0.0316617935201728
"wFV4","~","wFV3",1,1,0.0664262204898028,0.0351625321899066,1.88911936521086,0.0588758361524391,-0.00249107620764448,0.13534351718725,0.0692675218305262,0.0692675218305262,0.0692675218305262
"wBMI5","~","wBMI4",1,1,0.225691819099725,0.132814523686856,1.69930074539024,0.0892625322152665,-0.0346198639503549,0.486003502149805,0.210086914318591,0.210086914318591,0.210086914318591
"wBMI5","~","wPA4",1,1,-0.0169757735312958,0.0175012923059119,-0.969972573143153,0.332060163371206,-0.0512776761337911,0.0173261290711994,-0.0372562031755562,-0.0372562031755562,-0.0372562031755562
"wBMI5","~","wFV4",1,1,0.0236161126469219,0.0971674318487105,0.24304555752479,0.807970105517973,-0.166828554246801,0.214060779540645,0.0100600933233342,0.0100600933233342,0.0100600933233342
"wPA5","~","wBMI4",1,1,0.0913222450730157,0.148330656358372,0.615666695712435,0.538114522344606,-0.199400499192581,0.382044989338612,0.0438226676280193,0.0438226676280193,0.0438226676280193
"wPA5","~","wPA4",1,1,-0.0576233981934286,0.0784750715253107,-0.734289208960367,0.462772493278014,-0.211431712067242,0.0961849156803851,-0.0651938955854521,-0.0651938955854521,-0.0651938955854521
"wPA5","~","wFV4",1,1,-0.0957277503739618,0.157339467419119,-0.608415370562833,0.542912019689427,-0.404107439862147,0.212651939114224,-0.0210218288887731,-0.0210218288887731,-0.0210218288887731
"wFV5","~","wBMI4",1,1,-0.0373864757390139,0.0252926146599371,-1.47815780383643,0.139365545207245,-0.0869590895473404,0.0121861380693127,-0.0821714144740089,-0.0821714144740089,-0.0821714144740089
"wFV5","~","wPA4",1,1,0.00343781607499781,0.00624196518842464,0.550758610665281,0.581799160427912,-0.00879621088706726,0.0156718430370629,0.0178145439115778,0.0178145439115778,0.0178145439115778
"wFV5","~","wFV4",1,1,0.0934386702328783,0.0404239381564437,2.3114687606948,0.0208069767462029,0.0142092073329742,0.172668133132782,0.0939816999836466,0.0939816999836466,0.0939816999836466
"wBMI6","~","wBMI5",1,1,0.345432328623255,0.142057008517054,2.43164580353518,0.015030397492426,0.0670057081783303,0.62385894906818,0.329309842134071,0.329309842134071,0.329309842134071
"wBMI6","~","wPA5",1,1,-0.0246932246433962,0.0198843241392267,-1.24184379969359,0.214294198940403,-0.0636657838132009,0.0142793345264085,-0.0456646877044806,-0.0456646877044806,-0.0456646877044806
"wBMI6","~","wFV5",1,1,-0.0782670159206038,0.0998198712104102,-0.784082517554294,0.432991692902222,-0.273910368434434,0.117376336593227,-0.0316007548526673,-0.0316007548526673,-0.0316007548526673
"wPA6","~","wBMI5",1,1,-0.113888054455963,0.09349642765436,-1.21810059820667,0.223185746595929,-0.297137685341663,0.0693615764297374,-0.0553385928930068,-0.0553385928930068,-0.0553385928930068
"wPA6","~","wPA5",1,1,0.243420549106085,0.120876963476718,2.01378775661394,0.0440318217042175,0.00650605413115407,0.480335044081017,0.229439469535392,0.229439469535392,0.229439469535392
"wPA6","~","wFV5",1,1,-0.387932154479667,0.175425252683884,-2.21138147754998,0.0270094313977585,-0.731759331718919,-0.0441049772404158,-0.0798330399412435,-0.0798330399412435,-0.0798330399412435
"wFV6","~","wBMI5",1,1,0.0166178628022389,0.0218121124007274,0.761863981669411,0.446141188967478,-0.0261330919299262,0.059368817534404,0.037886737559231,0.037886737559231,0.037886737559231
"wFV6","~","wPA5",1,1,-0.00714621220606559,0.00788730446145848,-0.906039856960733,0.364914756731269,-0.0226050448856263,0.00831262047349511,-0.0316044984754424,-0.0316044984754424,-0.0316044984754424
"wFV6","~","wFV5",1,1,0.0283563200718201,0.0438071671207418,0.647298648498866,0.517438676057999,-0.0575041497495611,0.114216789893201,0.0273803415191539,0.0273803415191539,0.0273803415191539
"wBMI7","~","wBMI6",1,1,0.493871466592501,0.096822612549412,5.10078641330259,3.38245099262835e-07,0.304102633106578,0.683640300078425,0.442843511787111,0.442843511787111,0.442843511787111
"wBMI7","~","wPA6",1,1,-0.0310114960823015,0.0212393389701003,-1.4600970456735,0.14426340446002,-0.0726398355191362,0.0106168433545332,-0.054557047754895,-0.054557047754895,-0.054557047754895
"wBMI7","~","wFV6",1,1,-0.169572486716542,0.0835925262916914,-2.02856037781211,0.0425030877019588,-0.333410827624975,-0.00573414580810921,-0.0635801326218972,-0.0635801326218972,-0.0635801326218972
"wPA7","~","wBMI6",1,1,-0.094168675927392,0.0806036194643411,-1.16829339120499,0.242688440231656,-0.252148867101072,0.0638115152462882,-0.044859164171652,-0.044859164171652,-0.044859164171652
"wPA7","~","wPA6",1,1,0.0822144947949601,0.0812066813395858,1.01241047459088,0.311341832153715,-0.0769476759346488,0.241376665524569,0.0768395651160378,0.0768395651160378,0.0768395651160378
"wPA7","~","wFV6",1,1,-0.0336070927499247,0.172042685115916,-0.195341596344427,0.845125535075059,-0.370804559380686,0.303590373880837,-0.00669430272655679,-0.00669430272655679,-0.00669430272655679
"wFV7","~","wBMI6",1,1,0.000304082580117153,0.0166505879985478,0.0182625730781204,0.985429384840689,-0.0323304702184514,0.0329386353786857,0.000719615351696496,0.000719615351696496,0.000719615351696496
"wFV7","~","wPA6",1,1,0.0120754077053647,0.00695499725347396,1.7362203413284,0.0825248818964919,-0.00155613642401928,0.0257069518347486,0.0560663744715881,0.0560663744715881,0.0560663744715881
"wFV7","~","wFV6",1,1,0.150103856542991,0.038194881940206,3.92994686507941,8.49646351974709e-05,0.0752432635464276,0.224964449539554,0.148535553367962,0.148535553367962,0.148535553367962
"wBMI1","~~","wPA1",1,1,-0.132811919590981,0.138154577051754,-0.961328407825597,0.336387068630808,-0.403589914911782,0.13796607572982,-0.0377926589007263,-0.0377926589007263,-0.0377926589007263
"wBMI1","~~","wFV1",1,1,0.0167255447554493,0.0299757506092613,0.557969172264258,0.57686543521187,-0.0420258468482573,0.075476936359156,0.0213391181758649,0.0213391181758649,0.0213391181758649
"wPA1","~~","wFV1",1,1,0.0470705537385171,0.0420432623498836,1.11957424585172,0.262895235490071,-0.0353327262598236,0.129473833736858,0.0440161123484382,0.0440161123484382,0.0440161123484382
"wBMI2","~~","wPA2",1,1,-0.0512379549373086,0.0817810226492291,-0.626526219378251,0.53096984482555,-0.211525813948652,0.109049904074035,-0.0229479263599408,-0.0229479263599408,-0.0229479263599408
"wBMI2","~~","wFV2",1,1,-0.00139730923460061,0.0184100335692404,-0.0758993311633741,0.939499188980617,-0.0374803119844852,0.034685693515284,-0.00262071624836801,-0.00262071624836801,-0.00262071624836801
"wPA2","~~","wFV2",1,1,0.00815167452213022,0.0286637535779155,0.284389638641424,0.776111798510972,-0.0480282501523152,0.0643315991965756,0.00849822054486795,0.00849822054486795,0.00849822054486795
"wBMI3","~~","wPA3",1,1,-0.189982599851373,0.0758028325029676,-2.50627309796024,0.0122011340291366,-0.338553421483312,-0.0414117782194348,-0.0921270862005745,-0.0921270862005745,-0.0921270862005745
"wBMI3","~~","wFV3",1,1,0.0243891945135818,0.0168681345386192,1.44587384323639,0.148212589616187,-0.00867174166848791,0.0574501306956516,0.0473393916637186,0.0473393916637186,0.0473393916637186
"wPA3","~~","wFV3",1,1,0.0537253428902423,0.0282459299604421,1.90205608261026,0.0571638231040916,-0.0016356625420651,0.10908634832255,0.0574275006286433,0.0574275006286433,0.0574275006286433
"wBMI4","~~","wPA4",1,1,-0.0117075302805687,0.0850036547960443,-0.137729728311794,0.89045402350326,-0.178311632235091,0.154896571673954,-0.00520087198264758,-0.00520087198264758,-0.00520087198264758
"wBMI4","~~","wFV4",1,1,0.00827817374895129,0.0173016405699982,0.478461780283773,0.632321570782129,-0.0256324186417022,0.0421887661396048,0.0187082471344771,0.0187082471344771,0.0187082471344771
"wPA4","~~","wFV4",1,1,0.0482962100880321,0.035546297926662,1.35868467055769,0.174246531737619,-0.0213732536319561,0.11796567380802,0.0436684110037583,0.0436684110037583,0.0436684110037583
"wBMI5","~~","wPA5",1,1,0.000282490934529988,0.106889417292265,0.00264283351604005,0.997891326395476,-0.209216917286782,0.209781899155842,0.000124068527849731,0.000124068527849731,0.000124068527849731
"wBMI5","~~","wFV5",1,1,-0.0370366457168195,0.0213448296218788,-1.73515771139519,0.0827128745203642,-0.0788717430318457,0.00479845159820673,-0.0748426156044793,-0.0748426156044793,-0.0748426156044793
"wPA5","~~","wFV5",1,1,-0.0326546329075723,0.0359101154620636,-0.909343578749268,0.363168794042546,-0.103037165893892,0.0377279000787472,-0.0333417710466597,-0.0333417710466597,-0.0333417710466597
"wBMI6","~~","wPA6",1,1,-0.0586482391251108,0.0779102644854283,-0.752766525854624,0.451590225301061,-0.21134955154254,0.0940530732923187,-0.0247078847023905,-0.0247078847023905,-0.0247078847023905
"wBMI6","~~","wFV6",1,1,-0.0279613892705414,0.0207343793583485,-1.34855202498661,0.177480899066738,-0.0686000260546951,0.0126772475136123,-0.0535991648699196,-0.0535991648699196,-0.0535991648699196
"wPA6","~~","wFV6",1,1,-0.0424178730903578,0.0331891017833451,-1.27806631728864,0.201226044071424,-0.107467317264948,0.0226315710842327,-0.0403126523393155,-0.0403126523393155,-0.0403126523393155
"wBMI7","~~","wPA7",1,1,-0.215991184639458,0.0920011460383082,-2.3477010226538,0.018889676986126,-0.396310117410952,-0.0356722518679641,-0.0784285704192957,-0.0784285704192957,-0.0784285704192957
"wBMI7","~~","wFV7",1,1,-0.0277544749435322,0.0174646641777213,-1.58917885056943,0.112020019892737,-0.0619845877339528,0.0064756378468883,-0.0504753366786333,-0.0504753366786333,-0.0504753366786333
"wPA7","~~","wFV7",1,1,0.00133256414186406,0.0373045598045819,0.0357212134078148,0.971504655491687,-0.0717830295342369,0.074448157817965,0.00115121150910366,0.00115121150910366,0.00115121150910366
"riBMI","~~","riBMI",1,1,17.6309528442999,0.857513599025528,20.5605518843498,0,15.9502570739566,19.3116486146433,0.889324259109585,0.889324259109585,0.889324259109585
"riPA","~~","riPA",1,1,4.44021831379785,0.476590404203264,9.31663389492859,0,3.50611828618207,5.37431834141363,0.971807019307546,0.971807019307546,0.971807019307546
"riFV","~~","riFV",1,1,0.217336727270902,0.00801255287142713,27.1245295673402,0,0.201632412218682,0.233041042323122,0.82913003366436,0.82913003366436,0.82913003366436
"riBMI","~~","riPA",1,1,-0.67653764373259,0.199108271597838,-3.39783796174511,0.00067920636886476,-1.06678268508837,-0.286292602376807,-0.0764631019896704,-0.0764631019896704,-0.0764631019896704
"riBMI","~~","riFV",1,1,-0.176399568758666,0.049871166647053,-3.53710531793004,0.000404538315881053,-0.274145259253885,-0.0786538782634474,-0.0901141655730214,-0.0901141655730214,-0.0901141655730214
"riPA","~~","riFV",1,1,0.143290158133309,0.0280658968283634,5.10549009032557,3.29938279586273e-07,0.0882820111559,0.198298305110718,0.145863838654034,0.145863838654034,0.145863838654034
"wBMI1","~~","wBMI1",1,1,2.57570299776689,0.327132928959005,7.87356688904183,3.5527136788005e-15,1.93453423885014,3.21687175668364,1,1,1
"wPA1","~~","wPA1",1,1,4.79472196677733,0.761030382159068,6.30030295659754,2.97064373100397e-10,3.30312982660481,6.28631410694986,1,1,1
"wFV1","~~","wFV1",1,1,0.238512872603894,0.0119431262842074,19.9707234879767,0,0.215104775224033,0.261920969983754,1,1,1
"wBMI2","~~","wBMI2",1,1,1.24108645116128,0.106172848330279,11.689301649896,0,1.0329914922979,1.44918141002466,0.64552668723973,0.64552668723973,0.64552668723973
"wPA2","~~","wPA2",1,1,4.01693352890802,0.85703530862704,4.68701054492504,2.77224688338684e-06,2.33717519051986,5.69669186729619,0.859508562755574,0.859508562755574,0.859508562755574
"wFV2","~~","wFV2",1,1,0.229056711490814,0.0101706713623015,22.5212971033391,0,0.20912256192211,0.248990861059518,0.981471443674929,0.981471443674929,0.981471443674929
"wBMI3","~~","wBMI3",1,1,1.13564343594434,0.109042547315393,10.4146818274487,0,0.921923970423666,1.34936290146502,0.731811634912836,0.731811634912836,0.731811634912836
"wPA3","~~","wPA3",1,1,3.74464788966728,0.458904480460213,8.15997238883341,4.44089209850063e-16,2.8452116356212,4.64408414371336,0.8612757584352,0.8612757584352,0.8612757584352
"wFV3","~~","wFV3",1,1,0.233726294776213,0.0100750599640616,23.1985016079238,0,0.213979540104571,0.253473049447855,0.982437636932798,0.982437636932798,0.982437636932798
"wBMI4","~~","wBMI4",1,1,0.900626874738121,0.10985667292051,8.19819907881057,2.22044604925031e-16,0.685311752352524,1.11594199712372,0.862071643128103,0.862071643128103,0.862071643128103
"wPA4","~~","wPA4",1,1,5.62643556242872,1.10140225548292,5.10842930856518,3.24847895916136e-07,3.46772680919102,7.78514431566642,0.968858015370876,0.968858015370876,0.968858015370876
"wFV4","~~","wFV4",1,1,0.217399217335721,0.0103048583330705,21.0967691460678,0,0.197202066137115,0.237596368534327,0.993654969328008,0.993654969328008,0.993654969328008
"wBMI5","~~","wBMI5",1,1,1.15045446945632,0.200912814607687,5.72613783597008,1.0274275430433e-08,0.756672588792677,1.54423635011995,0.954188688432729,0.954188688432729,0.954188688432729
"wPA5","~~","wPA5",1,1,4.50626094491895,0.661140915009064,6.81588575539479,9.36850597099692e-12,3.21044856279533,5.80207332704258,0.993251562540438,0.993251562540438,0.993251562540438
"wFV5","~~","wFV5",1,1,0.212860925011105,0.00984803733882154,21.6145530005248,0,0.193559126508609,0.232162723513601,0.984253283460506,0.984253283460506,0.984253283460506
"wBMI6","~~","wBMI6",1,1,1.17682698571842,0.112011915198056,10.5062660846178,0,0.957287666090874,1.39636630534596,0.887076159822684,0.887076159822684,0.887076159822684
"wPA6","~~","wPA6",1,1,4.78769199980971,0.666326470582482,7.18520456740142,6.71018796083445e-13,3.48171611552236,6.09366788409707,0.937542379306699,0.937542379306699,0.937542379306699
"wFV6","~~","wFV6",1,1,0.231253772783096,0.0107313880114241,21.549288175669,0,0.21022063877658,0.252286906789612,0.996960004849149,0.996960004849149,0.996960004849149
"wBMI7","~~","wBMI7",1,1,1.30822522566796,0.105080607065006,12.4497303756407,0,1.10227102034695,1.51417943098898,0.792872781740608,0.792872781740608,0.792872781740608
"wPA7","~~","wPA7",1,1,5.79750238616981,0.837201222908917,6.92486134459523,4.36406466519657e-12,4.15661814145545,7.43838663088418,0.991696206728591,0.991696206728591,0.991696206728591
"wFV7","~~","wFV7",1,1,0.231113366444084,0.0111163101326241,20.7904748686178,0,0.209325798943163,0.252900933945005,0.975643395422124,0.975643395422124,0.975643395422124
"BMI1","~~","BMI1",1,1,0,0,NA,NA,0,0,0,0,0
"PA1","~~","PA1",1,1,0,0,NA,NA,0,0,0,0,0
"FV1","~~","FV1",1,1,0,0,NA,NA,0,0,0,0,0
"BMI2","~~","BMI2",1,1,0,0,NA,NA,0,0,0,0,0
"PA2","~~","PA2",1,1,0,0,NA,NA,0,0,0,0,0
"FV2","~~","FV2",1,1,0,0,NA,NA,0,0,0,0,0
"BMI3","~~","BMI3",1,1,0,0,NA,NA,0,0,0,0,0
"PA3","~~","PA3",1,1,0,0,NA,NA,0,0,0,0,0
"FV3","~~","FV3",1,1,0,0,NA,NA,0,0,0,0,0
"BMI4","~~","BMI4",1,1,0,0,NA,NA,0,0,0,0,0
"PA4","~~","PA4",1,1,0,0,NA,NA,0,0,0,0,0
"FV4","~~","FV4",1,1,0,0,NA,NA,0,0,0,0,0
"BMI5","~~","BMI5",1,1,0,0,NA,NA,0,0,0,0,0
"PA5","~~","PA5",1,1,0,0,NA,NA,0,0,0,0,0
"FV5","~~","FV5",1,1,0,0,NA,NA,0,0,0,0,0
"BMI6","~~","BMI6",1,1,0,0,NA,NA,0,0,0,0,0
"PA6","~~","PA6",1,1,0,0,NA,NA,0,0,0,0,0
"FV6","~~","FV6",1,1,0,0,NA,NA,0,0,0,0,0
"BMI7","~~","BMI7",1,1,0,0,NA,NA,0,0,0,0,0
"PA7","~~","PA7",1,1,0,0,NA,NA,0,0,0,0,0
"FV7","~~","FV7",1,1,0,0,NA,NA,0,0,0,0,0
"riBMI","~","female",1,1,0.128967087490189,0.191444648115872,0.673652090875541,0.500532527376503,-0.246257527849864,0.504191702830242,0.028964835729513,0.0143899003136705,0.028964835729513
"riPA","~","female",1,1,-0.2929229808595,0.110894500015977,-2.6414563465032,0.00825504445360603,-0.510272206974391,-0.0755737547446101,-0.13703809062959,-0.0680813273636578,-0.13703809062959
"riFV","~","female",1,1,0.27601080394745,0.0236958431382397,11.6480684961166,0,0.229567804813189,0.32245380308171,0.539101877130773,0.26782897521908,0.539101877130773
"riBMI","~","med",1,1,0.953462570455544,0.0985686553501738,9.67308082948158,0,0.760271555964662,1.14665358494643,0.214139027754542,0.250964004511097,0.214139027754542
"riPA","~","med",1,1,-0.173941808953748,0.0498470570766357,-3.48951009658056,0.000483906777709597,-0.271640245559266,-0.0762433723482292,-0.0813751563968678,-0.0953690475352482,-0.0813751563968678
"riFV","~","med",1,1,-0.0087845570399143,0.0112577209969961,-0.780313976715028,0.435206087949853,-0.030849284742027,0.0132801706621984,-0.0171579196257905,-0.0201085260520736,-0.0171579196257905
"riPA","~","age",1,1,-0.0106087849912266,0.0039850898010291,-2.66211943040456,0.00776503217445379,-0.0184194174764016,-0.00279815250605169,-0.00496310543758554,-0.0869756288768422,-0.00496310543758554
"riFV","~","age",1,1,0.00971601182574824,0.000754447119693825,12.8783205238974,0,0.00823732264290836,0.0111947010085881,0.0189772289293535,0.332565253998169,0.0189772289293535
"riBMI","~","age",1,1,0.0336339441130838,0.00635426572796877,5.29312835707224,1.20241461010195e-07,0.0211798121380678,0.0460880760880997,0.00755387816480854,0.132377462478994,0.00755387816480854
"female","~~","female",1,1,0.246816069024479,0,NA,NA,0.246816069024479,0.246816069024479,0.246816069024479,1,0.246816069024479
"female","~~","med",1,1,-0.0112829735032739,0,NA,NA,-0.0112829735032739,-0.0112829735032739,-0.0112829735032739,-0.0193785484741807,-0.0112829735032739
"female","~~","age",1,1,-0.292747221430606,0,NA,NA,-0.292747221430606,-0.292747221430606,-0.292747221430606,-0.0336249765490781,-0.292747221430606
"med","~~","med",1,1,1.37350807829675,0,NA,NA,1.37350807829675,1.37350807829675,1.37350807829675,1,1.37350807829675
"med","~~","age",1,1,9.34421012634179,0,NA,NA,9.34421012634179,9.34421012634179,9.34421012634179,0.454970157169543,9.34421012634179
"age","~~","age",1,1,307.105894366866,0,NA,NA,307.105894366866,307.105894366866,307.105894366866,1,307.105894366866
"BMI1","~1","",1,1,22.8317015913631,0.33013036097658,69.1596541554771,0,22.1846579736458,23.4787452090804,22.8317015913631,4.82398970268409,4.82398970268409
"BMI2","~1","",1,1,22.9750867369982,0.330926391569005,69.4265773970688,0,22.3264829279892,23.6236905460072,22.9750867369982,4.92663541157264,4.92663541157264
"BMI3","~1","",1,1,23.095016534437,0.331138946494489,69.7441867799786,0,22.4459961254293,23.7440369434447,23.095016534437,4.99511559825398,4.99511559825398
"BMI4","~1","",1,1,23.2658609453705,0.33172859843963,70.135228179926,0,22.6156848397868,23.9160370509541,23.2658609453705,5.09283508259612,5.09283508259612
"BMI5","~1","",1,1,23.2407848291036,0.329969611329287,70.4331066593611,0,22.5940562749055,23.8875133833017,23.2407848291036,5.0678399271651,5.0678399271651
"BMI6","~1","",1,1,23.2573528407779,0.329623880436119,70.5572448513334,0,22.6113019066788,23.903403774877,23.2573528407779,5.05693247098771,5.05693247098771
"BMI7","~1","",1,1,23.2784994352383,0.330995811122757,70.3286828805366,0,22.6297595664041,23.9272393040726,23.2784994352383,5.02328078751778,5.02328078751778
"PA1","~1","",1,1,2.87228373599199,0.220844994578839,13.0058810772214,0,2.43943550045152,3.30513197153246,2.87228373599199,0.938647049846811,0.938647049846811
"PA2","~1","",1,1,2.64759438388448,0.218398066767928,12.1227922163699,0,2.21954203872617,3.0756467290428,2.64759438388448,0.870874136808385,0.870874136808385
"PA3","~1","",1,1,2.73977996204534,0.217976742358589,12.5691389475772,0,2.31255339755514,3.16700652653554,2.73977996204534,0.917509485872551,0.917509485872551
"PA4","~1","",1,1,2.74325081169786,0.218488073473557,12.5556089542337,0,2.31502205663814,3.17147956675757,2.74325081169786,0.851616093776585,0.851616093776585
"PA5","~1","",1,1,2.67435883013219,0.219099668646295,12.2061290491934,0,2.24493137056079,3.10378628970358,2.67435883013219,0.886253540663218,0.886253540663218
"PA6","~1","",1,1,2.60725473478455,0.213881492013653,12.1901839670078,0,2.1880547134781,3.026454756091,2.60725473478455,0.838190743102602,0.838190743102602
"PA7","~1","",1,1,2.67730573058928,0.214841083348143,12.461795895205,0,2.25622494482735,3.09838651635121,2.67730573058928,0.829596036093445,0.829596036093445
"FV1","~1","",1,1,1.22796314481835,0.0410249521707814,29.9321042400366,0,1.14755571609614,1.30837057354056,1.22796314481835,1.73549333490208,1.73549333490208
"FV2","~1","",1,1,1.20381588259887,0.0402667118063376,29.8960562856141,0,1.12489457768259,1.28273718751514,1.20381588259887,1.71015354964113,1.71015354964113
"FV3","~1","",1,1,1.19686528902503,0.0407579194536273,29.3652204300264,0,1.11698123481113,1.27674934323892,1.19686528902503,1.69257118647935,1.69257118647935
"FV4","~1","",1,1,1.17678275546965,0.0404826994157969,29.0687817870775,0,1.09743812261773,1.25612738832157,1.17678275546965,1.69692536115127,1.69692536115127
"FV5","~1","",1,1,1.17916406047069,0.0406015431263813,29.0423459226729,0,1.09958649822623,1.25874162271515,1.17916406047069,1.70483357676583,1.70483357676583
"FV6","~1","",1,1,1.19589117722581,0.0406697976317767,29.4048961849622,0,1.116179838609,1.27560251584263,1.19589117722581,1.7013386168714,1.7013386168714
"FV7","~1","",1,1,1.19756835702217,0.0413394164402015,28.9691645443153,0,1.11654458965747,1.27859212438687,1.19756835702217,1.6952978452343,1.6952978452343
"female","~1","",1,1,0.556426332288401,0,NA,NA,0.556426332288401,0.556426332288401,0.556426332288401,1.12000757190777,0.556426332288401
"med","~1","",1,1,1.02403343782654,0,NA,NA,1.02403343782654,1.02403343782654,1.02403343782654,0.873772815314719,1.02403343782654
"age","~1","",1,1,51.5909090909091,0,NA,NA,51.5909090909091,51.5909090909091,51.5909090909091,2.94394101825514,51.5909090909091
"riBMI","~1","",1,1,0,0,NA,NA,0,0,0,0,0
"riPA","~1","",1,1,0,0,NA,NA,0,0,0,0,0
"riFV","~1","",1,1,0,0,NA,NA,0,0,0,0,0
"wBMI1","~1","",1,1,0,0,NA,NA,0,0,0,0,0
"wPA1","~1","",1,1,0,0,NA,NA,0,0,0,0,0
"wFV1","~1","",1,1,0,0,NA,NA,0,0,0,0,0
"wBMI2","~1","",1,1,0,0,NA,NA,0,0,0,0,0
"wPA2","~1","",1,1,0,0,NA,NA,0,0,0,0,0
"wFV2","~1","",1,1,0,0,NA,NA,0,0,0,0,0
"wBMI3","~1","",1,1,0,0,NA,NA,0,0,0,0,0
"wPA3","~1","",1,1,0,0,NA,NA,0,0,0,0,0
"wFV3","~1","",1,1,0,0,NA,NA,0,0,0,0,0
"wBMI4","~1","",1,1,0,0,NA,NA,0,0,0,0,0
"wPA4","~1","",1,1,0,0,NA,NA,0,0,0,0,0
"wFV4","~1","",1,1,0,0,NA,NA,0,0,0,0,0
"wBMI5","~1","",1,1,0,0,NA,NA,0,0,0,0,0
"wPA5","~1","",1,1,0,0,NA,NA,0,0,0,0,0
"wFV5","~1","",1,1,0,0,NA,NA,0,0,0,0,0
"wBMI6","~1","",1,1,0,0,NA,NA,0,0,0,0,0
"wPA6","~1","",1,1,0,0,NA,NA,0,0,0,0,0
"wFV6","~1","",1,1,0,0,NA,NA,0,0,0,0,0
"wBMI7","~1","",1,1,0,0,NA,NA,0,0,0,0,0
"wPA7","~1","",1,1,0,0,NA,NA,0,0,0,0,0
"wFV7","~1","",1,1,0,0,NA,NA,0,0,0,0,0
"riBMI","=~","BMI1",2,2,1,0,NA,NA,1,1,4.1308941536593,0.928759823987277,0.928759823987277
"riBMI","=~","BMI2",2,2,1,0,NA,NA,1,1,4.1308941536593,0.94353303082019,0.94353303082019
"riBMI","=~","BMI3",2,2,1,0,NA,NA,1,1,4.1308941536593,0.951514972191058,0.951514972191058
"riBMI","=~","BMI4",2,2,1,0,NA,NA,1,1,4.1308941536593,0.94916714630042,0.94916714630042
"riBMI","=~","BMI5",2,2,1,0,NA,NA,1,1,4.1308941536593,0.954577178666234,0.954577178666234
"riBMI","=~","BMI6",2,2,1,0,NA,NA,1,1,4.1308941536593,0.927395331919349,0.927395331919349
"riBMI","=~","BMI7",2,2,1,0,NA,NA,1,1,4.1308941536593,0.922353718397807,0.922353718397807
"riPA","=~","PA1",2,2,1,0,NA,NA,1,1,1.92012162338131,0.651898266691599,0.651898266691599
"riPA","=~","PA2",2,2,1,0,NA,NA,1,1,1.92012162338131,0.599243932725701,0.599243932725701
"riPA","=~","PA3",2,2,1,0,NA,NA,1,1,1.92012162338131,0.67400195560665,0.67400195560665
"riPA","=~","PA4",2,2,1,0,NA,NA,1,1,1.92012162338131,0.632729911999342,0.632729911999342
"riPA","=~","PA5",2,2,1,0,NA,NA,1,1,1.92012162338131,0.58692830586089,0.58692830586089
"riPA","=~","PA6",2,2,1,0,NA,NA,1,1,1.92012162338131,0.681087642879882,0.681087642879882
"riPA","=~","PA7",2,2,1,0,NA,NA,1,1,1.92012162338131,0.682736460376193,0.682736460376193
"riFV","=~","FV1",2,2,1,0,NA,NA,1,1,0.515745696808961,0.727522687664284,0.727522687664284
"riFV","=~","FV2",2,2,1,0,NA,NA,1,1,0.515745696808961,0.730956950306965,0.730956950306965
"riFV","=~","FV3",2,2,1,0,NA,NA,1,1,0.515745696808961,0.74560451546896,0.74560451546896
"riFV","=~","FV4",2,2,1,0,NA,NA,1,1,0.515745696808961,0.756755353968751,0.756755353968751
"riFV","=~","FV5",2,2,1,0,NA,NA,1,1,0.515745696808961,0.736425605745986,0.736425605745986
"riFV","=~","FV6",2,2,1,0,NA,NA,1,1,0.515745696808961,0.736015076085616,0.736015076085616
"riFV","=~","FV7",2,2,1,0,NA,NA,1,1,0.515745696808961,0.730643785076069,0.730643785076069
"wBMI1","=~","BMI1",2,2,1,0,NA,NA,1,1,1.64870218707885,0.37068205965102,0.37068205965102
"wPA1","=~","PA1",2,2,1,0,NA,NA,1,1,2.23353958439424,0.758306435344241,0.758306435344241
"wFV1","=~","FV1",2,2,1,0,NA,NA,1,1,0.486369267458506,0.686083623863547,0.686083623863547
"wBMI2","=~","BMI2",2,2,1,0,NA,NA,1,1,1.45037451736323,0.331278462552677,0.331278462552677
"wPA2","=~","PA2",2,2,1,0,NA,NA,1,1,2.56520750477168,0.800566492610973,0.800566492610973
"wFV2","=~","FV2",2,2,1,0,NA,NA,1,1,0.481501711514417,0.682423575792881,0.682423575792881
"wBMI3","=~","BMI3",2,2,1,0,NA,NA,1,1,1.33542102370382,0.307602434477119,0.307602434477119
"wPA3","=~","PA3",2,2,1,0,NA,NA,1,1,2.10452001142439,0.738729560690793,0.738729560690793
"wFV3","=~","FV3",2,2,1,0,NA,NA,1,1,0.46095094653399,0.666388705270654,0.666388705270654
"wBMI4","=~","BMI4",2,2,1,0,NA,NA,1,1,1.36992930668869,0.314772502585467,0.314772502585467
"wPA4","=~","PA4",2,2,1,0,NA,NA,1,1,2.34995922402194,0.774372557921124,0.774372557921124
"wFV4","=~","FV4",2,2,1,0,NA,NA,1,1,0.445509940471095,0.653698198130934,0.653698198130934
"wBMI5","=~","BMI5",2,2,1,0,NA,NA,1,1,1.28942618265371,0.297963772914784,0.297963772914784
"wPA5","=~","PA5",2,2,1,0,NA,NA,1,1,2.64871392594538,0.809638909501801,0.809638909501801
"wFV5","=~","FV5",2,2,1,0,NA,NA,1,1,0.473790590842262,0.676518534263221,0.676518534263221
"wBMI6","=~","BMI6",2,2,1,0,NA,NA,1,1,1.66627560149603,0.374082742630827,0.374082742630827
"wPA6","=~","PA6",2,2,1,0,NA,NA,1,1,2.06422288824481,0.73220190024086,0.73220190024086
"wFV6","=~","FV6",2,2,1,0,NA,NA,1,1,0.474367811007084,0.676965145169738,0.676965145169738
"wBMI7","=~","BMI7",2,2,1,0,NA,NA,1,1,1.73030852135503,0.386346500123579,0.386346500123579
"wPA7","=~","PA7",2,2,1,0,NA,NA,1,1,2.05491459741907,0.730664714950015,0.730664714950015
"wFV7","=~","FV7",2,2,1,0,NA,NA,1,1,0.481944759675518,0.68275885884382,0.68275885884382
"wBMI2","~","wBMI1",2,2,0.535462921150418,0.0923150453526253,5.80038626537045,6.6162335610187e-09,0.35452875702809,0.716397085272745,0.608683397723564,0.608683397723564,0.608683397723564
"wBMI2","~","wPA1",2,2,-0.0253477135896496,0.0239313836943849,-1.05918295044499,0.289516468219882,-0.0722523637308531,0.0215569365515539,-0.0390348292793342,-0.0390348292793342,-0.0390348292793342
"wBMI2","~","wFV1",2,2,-0.15554662760595,0.115447000605203,-1.34734230244644,0.177870013792798,-0.381818590915322,0.0707253357034225,-0.0521610786859961,-0.0521610786859961,-0.0521610786859961
"wPA2","~","wBMI1",2,2,-0.10342924286947,0.0633098545308894,-1.63369894996372,0.102322078965899,-0.227514277616483,0.0206557918775431,-0.066475721207584,-0.066475721207584,-0.066475721207584
"wPA2","~","wPA1",2,2,0.463678067959089,0.103368621222164,4.48567527047241,7.26833689257411e-06,0.261079293232085,0.666276842686092,0.403726917715472,0.403726917715472,0.403726917715472
"wPA2","~","wFV1",2,2,-0.0945710565481629,0.215888007500462,-0.438056090484603,0.661345623602192,-0.517703775943181,0.328561662846856,-0.0179308907410206,-0.0179308907410206,-0.0179308907410206
"wFV2","~","wBMI1",2,2,-0.00190137091639025,0.0173002597056269,-0.109904183448288,0.912485364733502,-0.0358092568626086,0.0320065150298281,-0.00651045326181951,-0.00651045326181951,-0.00651045326181951
"wFV2","~","wPA1",2,2,0.00382333908223035,0.0115139045700315,0.332062773230011,0.739841859352445,-0.0187434991964624,0.0263901773609231,0.0177353039054926,0.0177353039054926,0.0177353039054926
"wFV2","~","wFV1",2,2,0.0911243834120922,0.045650442247635,1.99613363913935,0.0459193783329277,0.00165116072840202,0.180597606095782,0.0920455702397236,0.0920455702397236,0.0920455702397236
"wBMI3","~","wBMI2",2,2,0.369262119359909,0.107389287856865,3.43853774179119,0.000584865003212087,0.158782982835049,0.579741255884768,0.401048327561698,0.401048327561698,0.401048327561698
"wBMI3","~","wPA2",2,2,-0.0187056795685501,0.0247584023073694,-0.755528540829242,0.449931914099801,-0.0672312564057474,0.0298198972686472,-0.0359317015078992,-0.0359317015078992,-0.0359317015078992
"wBMI3","~","wFV2",2,2,-0.0968461506861605,0.131409269225097,-0.736981122087123,0.461133829564597,-0.354403585602077,0.160711284229756,-0.0349190154125591,-0.0349190154125591,-0.0349190154125591
"wPA3","~","wBMI2",2,2,-0.0389351161432499,0.0886769809168498,-0.439066776300813,0.660613151720855,-0.212738804998021,0.134868572711521,-0.0268329595243557,-0.0268329595243557,-0.0268329595243557
"wPA3","~","wPA2",2,2,0.39357556906997,0.0841994172646442,4.67432651977788,2.94919804066929e-06,0.228547743712008,0.558603394427933,0.47973076900787,0.47973076900787,0.47973076900787
"wPA3","~","wFV2",2,2,0.106502655815261,0.181485019998559,0.58683992660169,0.557311218834499,-0.249201447115447,0.462206758745969,0.0243671767326986,0.0243671767326986,0.0243671767326986
"wFV3","~","wBMI2",2,2,-0.0251748078104366,0.020503195304293,-1.22784802255507,0.219504024482255,-0.0653603321748417,0.0150107165539685,-0.079212115741,-0.079212115741,-0.079212115741
"wFV3","~","wPA2",2,2,0.000688251239066878,0.00877941896033721,0.0783937117224034,0.937514875457366,-0.0165190937283821,0.0178955962065159,0.00383014126969056,0.00383014126969056,0.00383014126969056
"wFV3","~","wFV2",2,2,0.132235096746632,0.0488303570974377,2.70805098727346,0.00676796238342514,0.0365293554834239,0.227940838009839,0.138130588264412,0.138130588264412,0.138130588264412
"wBMI4","~","wBMI3",2,2,0.495896474016721,0.132752934463867,3.73548408567719,0.000187354428481834,0.235705503625536,0.756087444407906,0.483404927355873,0.483404927355873,0.483404927355873
"wBMI4","~","wPA3",2,2,0.0165426610418492,0.0310500906775756,0.532773356884149,0.594190479127659,-0.0443143984029019,0.0773997204866002,0.0254132538334649,0.0254132538334649,0.0254132538334649
"wBMI4","~","wFV3",2,2,-0.0708947112509768,0.123151045784642,-0.575672831678203,0.564836342304789,-0.312266325647318,0.170476903145364,-0.0238545040943619,-0.0238545040943619,-0.0238545040943619
"wPA4","~","wBMI3",2,2,-0.0479381347588196,0.0955528747738195,-0.501692229274028,0.615884031467684,-0.235218327934772,0.139342058417132,-0.0272420016226958,-0.0272420016226958,-0.0272420016226958
"wPA4","~","wPA3",2,2,0.4811193756249,0.159428055924129,3.01778361930137,0.00254630645686671,0.168646127888369,0.793592623361431,0.43086932893826,0.43086932893826,0.43086932893826
"wPA4","~","wFV3",2,2,-0.153057131202457,0.214215501913155,-0.714500723969582,0.474917608648185,-0.572911799882411,0.266797537477498,-0.0300225760431708,-0.0300225760431708,-0.0300225760431708
"wFV4","~","wBMI3",2,2,-0.00298842463302108,0.0218124408490506,-0.137005512299242,0.891026438016326,-0.0457400231120705,0.0397631738460284,-0.00895783622352118,-0.00895783622352118,-0.00895783622352118
"wFV4","~","wPA3",2,2,0.0147508978206949,0.00841095934395964,1.75377114755505,0.0794697287924024,-0.00173427956889658,0.0312360752102865,0.0696809584479812,0.0696809584479812,0.0696809584479812
"wFV4","~","wFV3",2,2,0.101120821404344,0.0462422048830246,2.18676470250806,0.0287597054764634,0.0104877652678935,0.191753877540794,0.104625585438876,0.104625585438876,0.104625585438876
"wBMI5","~","wBMI4",2,2,0.408352324063932,0.115837853289769,3.52520624706705,0.000423153197070647,0.181314303569549,0.635390344558314,0.433847104793786,0.433847104793786,0.433847104793786
"wBMI5","~","wPA4",2,2,-0.00600639989339918,0.0239856633059547,-0.250416251440836,0.802265463070416,-0.0530174361183743,0.041004636331576,-0.0109465706703805,-0.0109465706703805,-0.0109465706703805
"wBMI5","~","wFV4",2,2,-0.12281941513279,0.141929225971635,-0.865356759976528,0.386843006149279,-0.40099558639084,0.15535675612526,-0.0424353647076507,-0.0424353647076507,-0.0424353647076507
"wPA5","~","wBMI4",2,2,0.0584063676595784,0.108450143851883,0.538555004033441,0.590193942219777,-0.154152008408301,0.270964743727458,0.0302080923010712,0.0302080923010712,0.0302080923010712
"wPA5","~","wPA4",2,2,0.330723760345171,0.110324955617299,2.99772393738732,0.00272003940879317,0.114490820739285,0.546956699951057,0.293420646002366,0.293420646002366,0.293420646002366
"wPA5","~","wFV4",2,2,0.0564039997476284,0.19863015286219,0.283964941550247,0.776437247737215,-0.33290394610595,0.445711945601207,0.00948707307488054,0.00948707307488054,0.00948707307488054
"wFV5","~","wBMI4",2,2,-0.00836769124817735,0.0205911851401367,-0.406372493434917,0.684468927287739,-0.0487256725218415,0.0319902900254868,-0.0241945401444601,-0.0241945401444601,-0.0241945401444601
"wFV5","~","wPA4",2,2,0.00592858430470208,0.00781441742137019,0.758672590037115,0.448048437424674,-0.00938739240134585,0.02124456101075,0.0294052512682015,0.0294052512682015,0.0294052512682015
"wFV5","~","wFV4",2,2,0.0891482986895594,0.0496342947794158,1.79610285762599,0.0724781600613698,-0.00813313147613989,0.186429728855259,0.0838270198056924,0.0838270198056924,0.0838270198056924
"wBMI6","~","wBMI5",2,2,0.71602336430677,0.107849171623203,6.63911788593395,3.15565351627356e-11,0.504642872162812,0.927403856450728,0.554085574139128,0.554085574139128,0.554085574139128
"wBMI6","~","wPA5",2,2,0.013934810046736,0.0203537401982555,0.684631419631185,0.493576535141037,-0.0259577876925299,0.0538274077860018,0.0221507926978317,0.0221507926978317,0.0221507926978317
"wBMI6","~","wFV5",2,2,0.00266649279451382,0.112701432357141,0.0236597950775277,0.981123975901009,-0.21822425563156,0.223557241220588,0.000758193419777052,0.000758193419777052,0.000758193419777052
"wPA6","~","wBMI5",2,2,0.0214214964217788,0.0844431166994857,0.25367960420046,0.799743092218185,-0.144083971051526,0.186926963895084,0.0133810348267917,0.0133810348267917,0.0133810348267917
"wPA6","~","wPA5",2,2,0.259220330458425,0.0646841160749004,4.00748044787785,6.13699403264611e-05,0.132441792579812,0.385998868337038,0.332619361544432,0.332619361544432,0.332619361544432
"wPA6","~","wFV5",2,2,-0.0890231067030737,0.162039361622403,-0.549391862642129,0.58273655725574,-0.406614419560846,0.228568206154698,-0.02043302133876,-0.02043302133876,-0.02043302133876
"wFV6","~","wBMI5",2,2,0.00793359328444904,0.0221023086939924,0.358948623616205,0.719633523792625,-0.0353861357309625,0.0512533222998606,0.021565086555465,0.021565086555465,0.021565086555465
"wFV6","~","wPA5",2,2,-0.0149975466012305,0.00958273572986117,-1.56505897939938,0.117569080719787,-0.0337793635051235,0.00378427030266257,-0.083741370337417,-0.083741370337417,-0.083741370337417
"wFV6","~","wFV5",2,2,0.134103525112663,0.0484378622419015,2.76856820069684,0.00563032002810981,0.0391670596304231,0.229039990594902,0.133940345282428,0.133940345282428,0.133940345282428
"wBMI7","~","wBMI6",2,2,0.670688998981439,0.0778238096182751,8.61804378725689,0,0.518157134989918,0.82322086297296,0.64586904670584,0.64586904670584,0.64586904670584
"wBMI7","~","wPA6",2,2,0.0109491133161475,0.0267950043028902,0.40862517476687,0.682814752890182,-0.041568130083113,0.063466356715408,0.0130620695871499,0.0130620695871499,0.0130620695871499
"wBMI7","~","wFV6",2,2,0.0414680465124663,0.110838216553754,0.374131304182029,0.708306629744792,-0.175770866043543,0.258706959068476,0.0113685543405021,0.0113685543405021,0.0113685543405021
"wPA7","~","wBMI6",2,2,-0.0672333894806267,0.0566176170573345,-1.18749945644201,0.235030670862929,-0.178201879803483,0.0437351008422295,-0.0545177676182525,-0.0545177676182525,-0.0545177676182525
"wPA7","~","wPA6",2,2,0.335123512563234,0.0824812863329558,4.06302480795979,4.84408790815127e-05,0.173463161952105,0.496783863174364,0.336641545050522,0.336641545050522,0.336641545050522
"wPA7","~","wFV6",2,2,-0.152343711451088,0.173407892508086,-0.878528129531272,0.379657179234913,-0.492216935401929,0.187529512499752,-0.0351678619697935,-0.0351678619697935,-0.0351678619697935
"wFV7","~","wBMI6",2,2,0.0079309554080874,0.0140254352412913,0.565469468265657,0.571754485542447,-0.0195583925323424,0.0354203033485172,0.0274204817621556,0.0274204817621556,0.0274204817621556
"wFV7","~","wPA6",2,2,-0.000155681281911155,0.00961605681190002,-0.0161897215206234,0.987083035428779,-0.0190028063065262,0.0186914437427039,-0.000666800206747062,-0.000666800206747062,-0.000666800206747062
"wFV7","~","wFV6",2,2,0.221488573470955,0.0480485089463581,4.60968671719297,4.0327620398628e-06,0.127315226425242,0.315661920516667,0.21800641598684,0.21800641598684,0.21800641598684
"wBMI1","~~","wPA1",2,2,-0.305217747251993,0.188400257326546,-1.6200495242582,0.105221638922861,-0.674475466290102,0.0640399717861155,-0.0828846131439368,-0.0828846131439368,-0.0828846131439368
"wBMI1","~~","wFV1",2,2,-0.0881928648048948,0.0425242006397463,-2.07394527064815,0.0380843939917055,-0.171538766530153,-0.00484696307963693,-0.109982885872455,-0.109982885872455,-0.109982885872455
"wPA1","~~","wFV1",2,2,0.0564697133516777,0.0461655090186314,1.22320135859193,0.221253652580632,-0.0340130216527989,0.146952448356154,0.0519823374715743,0.0519823374715743,0.0519823374715743
"wBMI2","~~","wPA2",2,2,-0.175908448479939,0.109020724520063,-1.61353219082273,0.106628935405056,-0.389585142107726,0.0377682451478474,-0.066270863177489,-0.066270863177489,-0.066270863177489
"wBMI2","~~","wFV2",2,2,-0.0531985321687437,0.0276995688367946,-1.9205545213425,0.0547878933624579,-0.107488689476149,0.00109162513866171,-0.0976537664506273,-0.0976537664506273,-0.0976537664506273
"wPA2","~~","wFV2",2,2,0.0715331345500262,0.0370458721787804,1.93093401080728,0.0534912135484182,-0.00107544069625777,0.14414170979631,0.0639072672988071,0.0639072672988071,0.0639072672988071
"wBMI3","~~","wPA3",2,2,-0.175516988786086,0.108879848741576,-1.61202454645829,0.106956598343714,-0.388917570961743,0.0378835933895719,-0.0784273074260657,-0.0784273074260657,-0.0784273074260657
"wBMI3","~~","wFV3",2,2,-0.0280797345712374,0.0255836602570517,-1.09756517594067,0.272394406214371,-0.0782227872677675,0.0220633181252927,-0.050764850499846,-0.050764850499846,-0.050764850499846
"wPA3","~~","wFV3",2,2,0.0436322326103455,0.031392091275507,1.38991162542869,0.164555714967445,-0.0178951356890421,0.105159600909733,0.05219255602638,0.05219255602638,0.05219255602638
"wBMI4","~~","wPA4",2,2,-0.117482172811504,0.114565232565929,-1.02546095512787,0.305145739483127,-0.34202590252118,0.107061556898172,-0.0462802385181897,-0.0462802385181897,-0.0462802385181897
"wBMI4","~~","wFV4",2,2,-0.0207700290636648,0.0237811289263672,-0.873382803986072,0.382454460705437,-0.0673801852710482,0.0258401271437185,-0.0392199317062317,-0.0392199317062317,-0.0392199317062317
"wPA4","~~","wFV4",2,2,0.0041307516374603,0.0308419320874234,0.133932972349184,0.893455577003371,-0.0563183244675197,0.0645798277424403,0.00441731197074656,0.00441731197074656,0.00441731197074656
"wBMI5","~~","wPA5",2,2,-0.0291382830149784,0.123850141827646,-0.235270485644886,0.813998801281074,-0.271880100477343,0.213603534447386,-0.00993186490972264,-0.00993186490972264,-0.00993186490972264
"wBMI5","~~","wFV5",2,2,0.00525501332805083,0.0287036715812232,0.183078088570678,0.854736747981486,-0.0510031491952124,0.0615131758513141,0.00961545588498695,0.00961545588498695,0.00961545588498695
"wPA5","~~","wFV5",2,2,-0.049869187632576,0.039310670116143,-1.26859164408131,0.20458674608696,-0.126916685268351,0.0271783100031993,-0.0417565977918425,-0.0417565977918425,-0.0417565977918425
"wBMI6","~~","wPA6",2,2,-0.0530281238691174,0.0955635258561956,-0.554899198140872,0.578963610397438,-0.240329192782923,0.134272945044688,-0.0196527695355897,-0.0196527695355897,-0.0196527695355897
"wBMI6","~~","wFV6",2,2,-0.00170599535498208,0.0243577113683217,-0.0700392302538246,0.944162435062104,-0.0494462323827144,0.0460342416727502,-0.00262773796949089,-0.00262773796949089,-0.00262773796949089
"wPA6","~~","wFV6",2,2,-0.0196747303923607,0.035880438831274,-0.548341409225238,0.583457499117708,-0.0899990982511501,0.0506496374664287,-0.0216004361957001,-0.0216004361957001,-0.0216004361957001
"wBMI7","~~","wPA7",2,2,0.0156165958996727,0.0903190263871726,0.172904829960508,0.862726235078579,-0.161405442937908,0.192638634737254,0.00613061215265517,0.00613061215265517,0.00613061215265517
"wBMI7","~~","wFV7",2,2,-0.0101982282460673,0.0235197265115175,-0.43360318161324,0.664576623980262,-0.0562960451348735,0.035899588642739,-0.0164259226522103,-0.0164259226522103,-0.0164259226522103
"wPA7","~~","wFV7",2,2,0.00303581737066282,0.034959944674481,0.0868370187347239,0.93080106205453,-0.0654844150928329,0.0715560498341585,0.00334759327339691,0.00334759327339691,0.00334759327339691
"riBMI","~~","riBMI",2,2,15.8960533861862,0.999090682464538,15.9105211020226,0,13.9378716312662,17.8542351411063,0.931539292782487,0.931539292782487,0.931539292782487
"riPA","~~","riPA",2,2,3.57273953601357,0.558223629279557,6.40019402371867,1.55179646910142e-10,2.4786413273064,4.66683774472074,0.96904485270035,0.96904485270035,0.96904485270035
"riFV","~~","riFV",2,2,0.22629517730071,0.00996892107399833,22.7000671006364,0,0.206756451030951,0.24583390357047,0.850754142476973,0.850754142476973,0.850754142476973
"riBMI","~~","riPA",2,2,-0.933130355223662,0.252252733503055,-3.69918827941011,0.000216290109269268,-1.42753662789143,-0.438724082555894,-0.123821762971594,-0.123821762971594,-0.123821762971594
"riBMI","~~","riFV",2,2,-0.0358606366832407,0.0612317497541448,-0.585654286007289,0.558107859937601,-0.155872660911734,0.0841513875452524,-0.0189075688411356,-0.0189075688411356,-0.0189075688411356
"riPA","~~","riFV",2,2,0.130155112178203,0.0342398094719561,3.80128026952969,0.00014395036200554,0.0630463187756552,0.19726390558075,0.144751443584367,0.144751443584367,0.144751443584367
"wBMI1","~~","wBMI1",2,2,2.71821890167857,0.559926939805593,4.85459567746881,1.20632616740224e-06,1.62078226568588,3.81565553767126,1,1,1
"wPA1","~~","wPA1",2,2,4.98869907505598,0.750643859163007,6.64589340758552,3.01383362710794e-11,3.51746414588033,6.45993400423163,1,1,1
"wFV1","~~","wFV1",2,2,0.236555064328124,0.0139759997569908,16.9258062708394,0,0.209162608156482,0.263947520499767,1,1,1
"wBMI2","~~","wBMI2",2,2,1.29186672835266,0.160158372608654,8.06618291201877,6.66133814775094e-16,0.977962086217154,1.60577137048817,0.614125869150953,0.614125869150953,0.614125869150953
"wPA2","~~","wPA2",2,2,5.45394091073191,1.05863138595325,5.15187909889983,2.57889279264845e-07,3.37906152135982,7.528820300104,0.82882992845163,0.82882992845163,0.82882992845163
"wFV2","~~","wFV2",2,2,0.229722529157627,0.0129901764415277,17.6843270906804,0,0.204262251179412,0.255182807135842,0.990850011364391,0.990850011364391,0.990850011364391
"wBMI3","~~","wBMI3",2,2,1.48075385266826,0.206629616158277,7.16622273321174,7.70938868299709e-13,1.0757672468587,1.88574045847782,0.83032182416996,0.83032182416996,0.83032182416996
"wPA3","~~","wPA3",2,2,3.38236784944958,0.420227756835444,8.04889204587709,8.88178419700125e-16,2.55873658074805,4.2059991181511,0.763685804762613,0.763685804762613,0.763685804762613
"wFV3","~~","wFV3",2,2,0.206622162287554,0.010646165552889,19.408129740335,0,0.185756061230441,0.227488263344667,0.972450446080354,0.972450446080354,0.972450446080354
"wBMI4","~~","wBMI4",2,2,1.43759197988617,0.184429086005519,7.79482244922663,6.43929354282591e-15,1.07611761361371,1.79906634615862,0.766018623056501,0.766018623056501,0.766018623056501
"wPA4","~~","wPA4",2,2,4.48246721625731,0.627584340515228,7.14241405796923,9.17044218340379e-13,3.25242451158615,5.71250992092848,0.811701724796159,0.811701724796159,0.811701724796159
"wFV4","~~","wFV4",2,2,0.195085459575445,0.010638574134163,18.3375569992015,0,0.174234237425626,0.215936681725264,0.982901739465644,0.982901739465644,0.982901739465644
"wBMI5","~~","wBMI5",2,2,1.34254826700505,0.200180730447738,6.70668082788094,1.99100735898128e-11,0.950201244928559,1.73489528908153,0.807489602849491,0.807489602849491,0.807489602849491
"wPA5","~~","wPA5",2,2,6.41115679764624,1.45259783262508,4.41358003822726,1.01675103734156e-05,3.56411736168014,9.25819623361234,0.91383184620113,0.91383184620113,0.91383184620113
"wFV5","~~","wFV5",2,2,0.222473340537908,0.0123794033392184,17.9712490531029,0,0.198210155842945,0.246736525232871,0.991071785730255,0.991071785730255,0.991071785730255
"wBMI6","~~","wBMI6",2,2,1.92323352216462,0.203185977552209,9.46538508874437,0,1.52499632399873,2.32147072033052,0.692689093737287,0.692689093737287,0.692689093737287
"wPA6","~~","wPA6",2,2,3.78558481956882,0.439927297549323,8.60502369518088,0,2.92334316055611,4.64782647858153,0.888423019763994,0.888423019763994,0.888423019763994
"wFV6","~~","wFV6",2,2,0.219159123889272,0.0120134423078677,18.2428248517698,0,0.195613209635502,0.242705038143042,0.973933114457057,0.973933114457057,0.973933114457057
"wBMI7","~~","wBMI7",2,2,1.74395200985262,0.157372736877743,11.081665378975,0,1.43550711342375,2.0523969062815,0.582488608775152,0.582488608775152,0.582488608775152
"wPA7","~~","wPA7",2,2,3.72075035290616,0.392591476926379,9.47740990720463,0,2.95128519749307,4.49021550831925,0.88113606462148,0.88113606462148,0.88113606462148
"wFV7","~~","wFV7",2,2,0.221032114611802,0.0126102883771085,17.5279191087369,0,0.196316403558006,0.245747825665599,0.951614068064184,0.951614068064184,0.951614068064184
"BMI1","~~","BMI1",2,2,0,0,NA,NA,0,0,0,0,0
"PA1","~~","PA1",2,2,0,0,NA,NA,0,0,0,0,0
"FV1","~~","FV1",2,2,0,0,NA,NA,0,0,0,0,0
"BMI2","~~","BMI2",2,2,0,0,NA,NA,0,0,0,0,0
"PA2","~~","PA2",2,2,0,0,NA,NA,0,0,0,0,0
"FV2","~~","FV2",2,2,0,0,NA,NA,0,0,0,0,0
"BMI3","~~","BMI3",2,2,0,0,NA,NA,0,0,0,0,0
"PA3","~~","PA3",2,2,0,0,NA,NA,0,0,0,0,0
"FV3","~~","FV3",2,2,0,0,NA,NA,0,0,0,0,0
"BMI4","~~","BMI4",2,2,0,0,NA,NA,0,0,0,0,0
"PA4","~~","PA4",2,2,0,0,NA,NA,0,0,0,0,0
"FV4","~~","FV4",2,2,0,0,NA,NA,0,0,0,0,0
"BMI5","~~","BMI5",2,2,0,0,NA,NA,0,0,0,0,0
"PA5","~~","PA5",2,2,0,0,NA,NA,0,0,0,0,0
"FV5","~~","FV5",2,2,0,0,NA,NA,0,0,0,0,0
"BMI6","~~","BMI6",2,2,0,0,NA,NA,0,0,0,0,0
"PA6","~~","PA6",2,2,0,0,NA,NA,0,0,0,0,0
"FV6","~~","FV6",2,2,0,0,NA,NA,0,0,0,0,0
"BMI7","~~","BMI7",2,2,0,0,NA,NA,0,0,0,0,0
"PA7","~~","PA7",2,2,0,0,NA,NA,0,0,0,0,0
"FV7","~~","FV7",2,2,0,0,NA,NA,0,0,0,0,0
"riBMI","~","female",2,2,-0.399019839055195,0.215815921379,-1.8488897228044,0.0644737379896843,-0.822011272248363,0.0239715941379727,-0.0965940603202646,-0.0482513591994116,-0.0965940603202646
"riPA","~","female",2,2,-0.566710038248463,0.123212272314454,-4.59946097578775,4.23585529873982e-06,-0.808201654438134,-0.325218422058793,-0.295142782284017,-0.147431843696006,-0.295142782284017
"riFV","~","female",2,2,0.21147323016202,0.0278626214027963,7.58985405948905,3.19744231092045e-14,0.156863495697665,0.266082964626376,0.410033920729644,0.204823090855395,0.410033920729644
"riBMI","~","med",2,2,0.601774603826462,0.131693492031622,4.5695090512291,4.88868054282499e-06,0.343660102446171,0.859889105206752,0.145676597230986,0.137824196177626,0.145676597230986
"riPA","~","med",2,2,-0.0109808161811905,0.0758519760188706,-0.144766382598374,0.884895325367221,-0.159647957334373,0.137686324971992,-0.00571881283324825,-0.00541055184439109,-0.00571881283324825
"riFV","~","med",2,2,0.0105363435021187,0.0157146796977219,0.670477776498756,0.502553268716941,-0.0202638627339989,0.0413365497382363,0.0204293386591677,0.0193281366579133,0.0204293386591677
"riPA","~","age",2,2,-0.0134421102570416,0.00511817941771956,-2.62634604220867,0.00863070261100751,-0.0234735575821861,-0.0034106629318971,-0.00700065563210013,-0.109530164701799,-0.00700065563210013
"riFV","~","age",2,2,0.0112124901154734,0.00100490517108832,11.1577593966704,0,0.00924291217226222,0.0131820680586846,0.0217403464243089,0.340142959412272,0.0217403464243089
"riBMI","~","age",2,2,0.0428231548829106,0.00758248637362866,5.6476402030667,1.62665165781561e-08,0.0279617546773327,0.0576845550884885,0.0103665582534901,0.162192070652522,0.0103665582534901
"female","~~","female",2,2,0.24952741020794,0,NA,NA,0.24952741020794,0.24952741020794,0.24952741020794,1,0.24952741020794
"female","~~","med",2,2,-0.0176133465358418,0,NA,NA,-0.0176133465358418,-0.0176133465358418,-0.0176133465358418,-0.0372689425442126,-0.0176133465358418
"female","~~","age",2,2,-0.785279203048582,0,NA,NA,-0.785279203048582,-0.785279203048582,-0.785279203048582,-0.100477759068247,-0.785279203048582
"med","~~","med",2,2,0.895099592732143,0,NA,NA,0.895099592732143,0.895099592732143,0.895099592732143,1,0.895099592732143
"med","~~","age",2,2,6.21202647550654,0,NA,NA,6.21202647550654,6.21202647550654,6.21202647550654,0.419664847112516,6.21202647550654
"age","~~","age",2,2,244.787959236064,0,NA,NA,244.787959236064,244.787959236064,244.787959236064,1,244.787959236064
"BMI1","~1","",2,2,23.2673495792826,0.35221021512723,66.0609731914723,0,22.5770302426462,23.9576689159191,23.2673495792826,5.23125955206628,5.23125955206628
"BMI2","~1","",2,2,23.4250406176898,0.350966075964647,66.7444582878986,0,22.7371597490038,24.1129214863759,23.4250406176898,5.35048799338417,5.35048799338417
"BMI3","~1","",2,2,23.6272204481263,0.348069668445071,67.8807221372549,0,22.9450164338632,24.3094244623894,23.6272204481263,5.44232148570929,5.44232148570929
"BMI4","~1","",2,2,23.7445631853158,0.346550559501628,68.5168802481885,0,23.0653365698704,24.4237898007612,23.7445631853158,5.45585494094336,5.45585494094336
"BMI5","~1","",2,2,23.7457879849299,0.344792476680339,68.8697973156325,0,23.0700071484961,24.4215688213637,23.7457879849299,5.48723507712767,5.48723507712767
"BMI6","~1","",2,2,23.8631897995272,0.344592768683914,69.2504079254672,0,23.1878003835738,24.5385792154806,23.8631897995272,5.35734153468513,5.35734153468513
"BMI7","~1","",2,2,23.9303325191172,0.345645137121091,69.2338180089415,0,23.2528804989285,24.607784539306,23.9303325191172,5.34320908754133,5.34320908754133
"PA1","~1","",2,2,2.98863000950194,0.247344615966891,12.0828585567514,0,2.50384347043695,3.47341654856694,2.98863000950194,1.01466631032773,1.01466631032773
"PA2","~1","",2,2,2.86154683376612,0.254908093792577,11.2257982521913,0,2.36193615056491,3.36115751696733,2.86154683376612,0.893049980513791,0.893049980513791
"PA3","~1","",2,2,2.81123197133675,0.248291812326875,11.322290272044,0,2.3245889615199,3.2978749811536,2.81123197133675,0.986799910626614,0.986799910626614
"PA4","~1","",2,2,2.89089323114885,0.246671323828704,11.7196161526922,0,2.40742632042577,3.37436014187193,2.89089323114885,0.952624353306947,0.952624353306947
"PA5","~1","",2,2,2.88814512398327,0.247637921459872,11.6627740491323,0,2.40278371671556,3.37350653125097,2.88814512398327,0.882826433522882,0.882826433522882
"PA6","~1","",2,2,2.67195458441759,0.246229768452132,10.8514685336961,0,2.18935310632977,3.1545560625054,2.67195458441759,0.947770822234875,0.947770822234875
"PA7","~1","",2,2,2.69009853435745,0.242503090749534,11.0930484475181,0,2.21480121034872,3.16539585836619,2.69009853435745,0.956516675321906,0.956516675321906
"FV1","~1","",2,2,1.21610741651297,0.0473845691410568,25.6646296158734,0,1.12323536757355,1.30897946545239,1.21610741651297,1.7154689639179,1.7154689639179
"FV2","~1","",2,2,1.21751400070391,0.0469180046350859,25.9498248097584,0,1.12555640139266,1.30947160001516,1.21751400070391,1.7255603418834,1.7255603418834
"FV3","~1","",2,2,1.21226054281825,0.0469155230757897,25.8392204401069,0,1.12030780727385,1.30421327836266,1.21226054281825,1.75254382196997,1.75254382196997
"FV4","~1","",2,2,1.1981884277351,0.0468711407702819,25.5634577704752,0,1.10632267991104,1.29005417555916,1.1981884277351,1.75810581331482,1.75810581331482
"FV5","~1","",2,2,1.19011219776156,0.0474544046465057,25.0790670882265,0,1.09710327374662,1.2831211217765,1.19011219776156,1.69934349731839,1.69934349731839
"FV6","~1","",2,2,1.19577307643512,0.0476905490683979,25.073585852831,0,1.10230131785812,1.28924483501212,1.19577307643512,1.70647475544432,1.70647475544432
"FV7","~1","",2,2,1.22688560727338,0.0474749853450237,25.8427801158232,0,1.13383634583056,1.31993486871619,1.22688560727338,1.73809757308672,1.73809757308672
"female","~1","",2,2,0.521739130434783,0,NA,NA,0.521739130434783,0.521739130434783,0.521739130434783,1.04446593573419,0.521739130434783
"med","~1","",2,2,0.651483781918564,0,NA,NA,0.651483781918564,0.651483781918564,0.651483781918564,0.688601443963852,0.651483781918564
"age","~1","",2,2,42.3133195307108,0,NA,NA,42.3133195307108,42.3133195307108,42.3133195307108,2.70446939883636,42.3133195307108
"riBMI","~1","",2,2,0,0,NA,NA,0,0,0,0,0
"riPA","~1","",2,2,0,0,NA,NA,0,0,0,0,0
"riFV","~1","",2,2,0,0,NA,NA,0,0,0,0,0
"wBMI1","~1","",2,2,0,0,NA,NA,0,0,0,0,0
"wPA1","~1","",2,2,0,0,NA,NA,0,0,0,0,0
"wFV1","~1","",2,2,0,0,NA,NA,0,0,0,0,0
"wBMI2","~1","",2,2,0,0,NA,NA,0,0,0,0,0
"wPA2","~1","",2,2,0,0,NA,NA,0,0,0,0,0
"wFV2","~1","",2,2,0,0,NA,NA,0,0,0,0,0
"wBMI3","~1","",2,2,0,0,NA,NA,0,0,0,0,0
"wPA3","~1","",2,2,0,0,NA,NA,0,0,0,0,0
"wFV3","~1","",2,2,0,0,NA,NA,0,0,0,0,0
"wBMI4","~1","",2,2,0,0,NA,NA,0,0,0,0,0
"wPA4","~1","",2,2,0,0,NA,NA,0,0,0,0,0
"wFV4","~1","",2,2,0,0,NA,NA,0,0,0,0,0
"wBMI5","~1","",2,2,0,0,NA,NA,0,0,0,0,0
"wPA5","~1","",2,2,0,0,NA,NA,0,0,0,0,0
"wFV5","~1","",2,2,0,0,NA,NA,0,0,0,0,0
"wBMI6","~1","",2,2,0,0,NA,NA,0,0,0,0,0
"wPA6","~1","",2,2,0,0,NA,NA,0,0,0,0,0
"wFV6","~1","",2,2,0,0,NA,NA,0,0,0,0,0
"wBMI7","~1","",2,2,0,0,NA,NA,0,0,0,0,0
"wPA7","~1","",2,2,0,0,NA,NA,0,0,0,0,0
"wFV7","~1","",2,2,0,0,NA,NA,0,0,0,0,0
"riBMI","=~","BMI1",3,3,1,0,NA,NA,1,1,3.85116075151752,0.956313675689095,0.956313675689095
"riBMI","=~","BMI2",3,3,1,0,NA,NA,1,1,3.85116075151752,0.962081473156476,0.962081473156476
"riBMI","=~","BMI3",3,3,1,0,NA,NA,1,1,3.85116075151752,0.971899078331729,0.971899078331729
"riBMI","=~","BMI4",3,3,1,0,NA,NA,1,1,3.85116075151752,0.963280603713808,0.963280603713808
"riBMI","=~","BMI5",3,3,1,0,NA,NA,1,1,3.85116075151752,0.956815199320655,0.956815199320655
"riBMI","=~","BMI6",3,3,1,0,NA,NA,1,1,3.85116075151752,0.945243179184946,0.945243179184946
"riBMI","=~","BMI7",3,3,1,0,NA,NA,1,1,3.85116075151752,0.939072815863257,0.939072815863257
"riPA","=~","PA1",3,3,1,0,NA,NA,1,1,2.00015901580597,0.681127858754938,0.681127858754938
"riPA","=~","PA2",3,3,1,0,NA,NA,1,1,2.00015901580597,0.662336361457192,0.662336361457192
"riPA","=~","PA3",3,3,1,0,NA,NA,1,1,2.00015901580597,0.666372155109288,0.666372155109288
"riPA","=~","PA4",3,3,1,0,NA,NA,1,1,2.00015901580597,0.675617011249367,0.675617011249367
"riPA","=~","PA5",3,3,1,0,NA,NA,1,1,2.00015901580597,0.683196060198302,0.683196060198302
"riPA","=~","PA6",3,3,1,0,NA,NA,1,1,2.00015901580597,0.715466039743542,0.715466039743542
"riPA","=~","PA7",3,3,1,0,NA,NA,1,1,2.00015901580597,0.686252224038018,0.686252224038018
"riFV","=~","FV1",3,3,1,0,NA,NA,1,1,0.516312065885731,0.733178972937194,0.733178972937194
"riFV","=~","FV2",3,3,1,0,NA,NA,1,1,0.516312065885731,0.730209397372397,0.730209397372397
"riFV","=~","FV3",3,3,1,0,NA,NA,1,1,0.516312065885731,0.750055146171602,0.750055146171602
"riFV","=~","FV4",3,3,1,0,NA,NA,1,1,0.516312065885731,0.75082872747822,0.75082872747822
"riFV","=~","FV5",3,3,1,0,NA,NA,1,1,0.516312065885731,0.746059779860833,0.746059779860833
"riFV","=~","FV6",3,3,1,0,NA,NA,1,1,0.516312065885731,0.743356804773738,0.743356804773738
"riFV","=~","FV7",3,3,1,0,NA,NA,1,1,0.516312065885731,0.736737613918809,0.736737613918809
"wBMI1","=~","BMI1",3,3,1,0,NA,NA,1,1,1.17728952177184,0.29234252802152,0.29234252802152
"wPA1","=~","PA1",3,3,1,0,NA,NA,1,1,2.15003011016462,0.732164489734318,0.732164489734318
"wFV1","=~","FV1",3,3,1,0,NA,NA,1,1,0.478888055205834,0.680035729680993,0.680035729680993
"wBMI2","=~","BMI2",3,3,1,0,NA,NA,1,1,1.09185267415964,0.272762238972087,0.272762238972087
"wPA2","=~","PA2",3,3,1,0,NA,NA,1,1,2.26249447057541,0.749206609882513,0.749206609882513
"wFV2","=~","FV2",3,3,1,0,NA,NA,1,1,0.483089500870832,0.68322341586705,0.68322341586705
"wBMI3","=~","BMI3",3,3,1,0,NA,NA,1,1,0.932766845065328,0.235397921694171,0.235397921694171
"wPA3","=~","PA3",3,3,1,0,NA,NA,1,1,2.23802445483082,0.74561930694893,0.74561930694893
"wFV3","=~","FV3",3,3,1,0,NA,NA,1,1,0.455267916507943,0.66137529263006,0.66137529263006
"wBMI4","=~","BMI4",3,3,1,0,NA,NA,1,1,1.07344002697987,0.268496701113369,0.268496701113369
"wPA4","=~","PA4",3,3,1,0,NA,NA,1,1,2.18263122465574,0.737252774908628,0.737252774908628
"wFV4","=~","FV4",3,3,1,0,NA,NA,1,1,0.454194855217243,0.660496950782845,0.660496950782845
"wBMI5","=~","BMI5",3,3,1,0,NA,NA,1,1,1.1700487245882,0.290696877088445,0.290696877088445
"wPA5","=~","PA5",3,3,1,0,NA,NA,1,1,2.13787254890184,0.730234991855032,0.730234991855032
"wFV5","=~","FV5",3,3,1,0,NA,NA,1,1,0.460822787608373,0.665878971641247,0.665878971641247
"wBMI6","=~","BMI6",3,3,1,0,NA,NA,1,1,1.32970149735508,0.326366867503942,0.326366867503942
"wPA6","=~","PA6",3,3,1,0,NA,NA,1,1,1.95314108888578,0.698647511964147,0.698647511964147
"wFV6","=~","FV6",3,3,1,0,NA,NA,1,1,0.464593329928228,0.668895104479454,0.668895104479454
"wBMI7","=~","BMI7",3,3,1,0,NA,NA,1,1,1.40959707696372,0.343718266181263,0.343718266181263
"wPA7","=~","PA7",3,3,1,0,NA,NA,1,1,2.11998288550642,0.72736365389183,0.72736365389183
"wFV7","=~","FV7",3,3,1,0,NA,NA,1,1,0.473871885307396,0.676178739858937,0.676178739858937
"wBMI2","~","wBMI1",3,3,0.398913708169476,0.0764210955489498,5.21994228562139,1.7897889748042e-07,0.24913111323444,0.548696303104511,0.430128477800851,0.430128477800851,0.430128477800851
"wBMI2","~","wPA1",3,3,-0.0422256970621966,0.0182804209481232,-2.30988647263791,0.0208944401786997,-0.0780546637427497,-0.00639673038164348,-0.0831490568782895,-0.0831490568782895,-0.0831490568782895
"wBMI2","~","wFV1",3,3,-0.115652278745796,0.0752129106491121,-1.53766524586907,0.124130485418897,-0.263066874790485,0.0317623172988931,-0.0507252454103523,-0.0507252454103523,-0.0507252454103523
"wPA2","~","wBMI1",3,3,-0.218386780902156,0.088796443703083,-2.45940909111626,0.0139165938021191,-0.392424612515437,-0.0443489492888746,-0.113637612022187,-0.113637612022187,-0.113637612022187
"wPA2","~","wPA1",3,3,0.488084798688282,0.066022383064187,7.39271707617349,1.4388490399142e-13,0.358683305708969,0.617486291667596,0.463823017974739,0.463823017974739,0.463823017974739
"wPA2","~","wFV1",3,3,0.134636518496741,0.13696343746638,0.983010655889752,0.32560219419949,-0.133806886136167,0.40307992312965,0.0284976698688642,0.0284976698688642,0.0284976698688642
"wFV2","~","wBMI1",3,3,0.00407445775507127,0.0170914941603,0.238390963180703,0.811577875757442,-0.0294242552410933,0.0375731707512359,0.00992945699151098,0.00992945699151098,0.00992945699151098
"wFV2","~","wPA1",3,3,0.00793404619347659,0.00722735665662206,1.0977798067025,0.272300651179986,-0.00623131255692847,0.0220994049438816,0.0353111342321901,0.0353111342321901,0.0353111342321901
"wFV2","~","wFV1",3,3,0.22269245156235,0.0357597596860007,6.22745939899395,4.74059458355214e-10,0.152604610481981,0.292780292642719,0.220755687808309,0.220755687808309,0.220755687808309
"wBMI3","~","wBMI2",3,3,0.219324649518095,0.0871656473231168,2.51618219165028,0.0118633838917972,0.0484831200756661,0.390166178960524,0.256731043081496,0.256731043081496,0.256731043081496
"wBMI3","~","wPA2",3,3,-0.0582991785122535,0.0241882763737336,-2.4102245902714,0.015942703028943,-0.105707329052872,-0.0108910279716345,-0.141408938065143,-0.141408938065143,-0.141408938065143
"wBMI3","~","wFV2",3,3,0.128649058313734,0.073033144025305,1.76151609013516,0.0781510921135335,-0.0144932736535908,0.271791390281058,0.0666286647055208,0.0666286647055208,0.0666286647055208
"wPA3","~","wBMI2",3,3,-0.174416893185477,0.103312892732012,-1.68823937238796,0.09136528807446,-0.37690644207887,0.0280726557079165,-0.0850918098022193,-0.0850918098022193,-0.0850918098022193
"wPA3","~","wPA2",3,3,0.347985674647635,0.0750770558772932,4.63504689390573,3.56856572891751e-06,0.200837349062839,0.495134000232431,0.351790465484098,0.351790465484098,0.351790465484098
"wPA3","~","wFV2",3,3,0.268554261583374,0.140706488794616,1.90861319818287,0.0563120080764998,-0.00722538884516111,0.544333912011909,0.057968867992041,0.057968867992041,0.057968867992041
"wFV3","~","wBMI2",3,3,-0.0064695570329998,0.0205928026455779,-0.314165931871788,0.753395016086086,-0.0468307085590735,0.0338915944930739,-0.0155157060073349,-0.0155157060073349,-0.0155157060073349
"wFV3","~","wPA2",3,3,0.00586279726099386,0.00706204647422062,0.830183896749404,0.406434818398608,-0.00797855948562662,0.0197041540076144,0.0291356933008739,0.0291356933008739,0.0291356933008739
"wFV3","~","wFV2",3,3,0.0679533878690365,0.0359857486787825,1.88834164534424,0.0589800998915468,-0.00257738349808702,0.13848415923616,0.0721060435796428,0.0721060435796428,0.0721060435796428
"wBMI4","~","wBMI3",3,3,0.377863779422831,0.0997645558054101,3.78755537347203,0.000152136786158774,0.182328843110591,0.573398715735072,0.328345130177733,0.328345130177733,0.328345130177733
"wBMI4","~","wPA3",3,3,-0.065877455921152,0.0197737436104621,-3.33156215731941,0.000863600117868568,-0.104633281237187,-0.0271216306051173,-0.137348481208016,-0.137348481208016,-0.137348481208016
"wBMI4","~","wFV3",3,3,-0.140037586161649,0.0755585246542717,-1.85336580885361,0.063829944527181,-0.288129573209004,0.00805440088570489,-0.0593928104805161,-0.0593928104805161,-0.0593928104805161
"wPA4","~","wBMI3",3,3,-0.233271963359731,0.120820263967672,-1.93073542218173,0.0535157800251085,-0.47007532933899,0.00353140261952764,-0.0996908460060953,-0.0996908460060953,-0.0996908460060953
"wPA4","~","wPA3",3,3,0.34987448595292,0.0612914749075547,5.70837113123207,1.14062490563782e-08,0.229745402574773,0.470003569331068,0.358753987773404,0.358753987773404,0.358753987773404
"wPA4","~","wFV3",3,3,0.271867540730464,0.135649910312471,2.00418518599986,0.0450502268548629,0.00599860201193242,0.537736479448995,0.0567079621313575,0.0567079621313575,0.0567079621313575
"wFV4","~","wBMI3",3,3,-0.030833356996481,0.0220957513592705,-1.39544279328363,0.162882354402313,-0.0741402338720032,0.0124735198790412,-0.0633215739852985,-0.0633215739852985,-0.0633215739852985
"wFV4","~","wPA3",3,3,0.0083455104841361,0.00696804897625973,1.19768252384124,0.231040635399664,-0.00531161455184417,0.0220026355201164,0.0411221226682765,0.0411221226682765,0.0411221226682765
"wFV4","~","wFV3",3,3,0.108055835758158,0.0351778423363538,3.07170163323206,0.00212842358383392,0.0391085317250762,0.17700313979124,0.108311123842676,0.108311123842676,0.108311123842676
"wBMI5","~","wBMI4",3,3,0.481994248235413,0.0965556187411909,4.99188192794205,5.97938055957314e-07,0.292748712997698,0.671239783473128,0.442196899972746,0.442196899972746,0.442196899972746
"wBMI5","~","wPA4",3,3,-0.011151176004164,0.0179410451188233,-0.621545508096655,0.534240761731851,-0.0463149782820657,0.0240126262737377,-0.0208016165710419,-0.0208016165710419,-0.0208016165710419
"wBMI5","~","wFV4",3,3,0.0256664167198829,0.0897237881186044,0.286060333141028,0.774831912138822,-0.150188976549084,0.20152180998885,0.00996330681026602,0.00996330681026602,0.00996330681026602
"wPA5","~","wBMI4",3,3,-0.136231332351186,0.0683254430275951,-1.9938594806647,0.0461674131218432,-0.270146739913016,-0.00231592478935669,-0.0684026581236934,-0.0684026581236934,-0.0684026581236934
"wPA5","~","wPA4",3,3,0.0875741066995704,0.0573735784268443,1.52638390528898,0.126914283538783,-0.0248760406812287,0.20002425408037,0.0894075654098277,0.0894075654098277,0.0894075654098277
"wPA5","~","wFV4",3,3,-0.32338117698033,0.152632323965232,-2.11869392130852,0.0341163424011739,-0.622535034828834,-0.0242273191318249,-0.0687029107202901,-0.0687029107202901,-0.0687029107202901
"wFV5","~","wBMI4",3,3,-0.0282690502202934,0.0170807618245292,-1.65502279761884,0.0979198735690539,-0.0617467282248773,0.00520862778429055,-0.0658498903421323,-0.0658498903421323,-0.0658498903421323
"wFV5","~","wPA4",3,3,0.00880184065876165,0.0069530562673817,1.26589521503702,0.205550599745374,-0.00482589920778699,0.0224295805253103,0.0416888504059485,0.0416888504059485,0.0416888504059485
"wFV5","~","wFV4",3,3,0.120539030342125,0.0371997878464934,3.24031499425575,0.00119397723206194,0.0476287859304674,0.193449274753783,0.118805338855759,0.118805338855759,0.118805338855759
"wBMI6","~","wBMI5",3,3,0.738230004934064,0.0478702689223479,15.4214718561864,0,0.644406001916015,0.832054007952113,0.649593218811862,0.649593218811862,0.649593218811862
"wBMI6","~","wPA5",3,3,-0.00434606337923409,0.013942893489823,-0.311704552746265,0.755265067640498,-0.0316736324595651,0.022981505701097,-0.00698753036883359,-0.00698753036883359,-0.00698753036883359
"wBMI6","~","wFV5",3,3,-0.162511670602829,0.0671800861676683,-2.41904528370553,0.015561302860803,-0.294182219969756,-0.0308411212359016,-0.0563202201509525,-0.0563202201509525,-0.0563202201509525
"wPA6","~","wBMI5",3,3,0.0132620322461691,0.0652392828664008,0.203282925002833,0.838913900772656,-0.114604612549197,0.141128677041536,0.0079447531995397,0.0079447531995397,0.0079447531995397
"wPA6","~","wPA5",3,3,0.169017270707129,0.0612172672644097,2.76094112429275,0.00576350653572111,0.0490336316369231,0.289000909777335,0.185003216301807,0.185003216301807,0.185003216301807
"wPA6","~","wFV5",3,3,-0.132879592202454,0.175904193722569,-0.755408892706833,0.450003679127497,-0.477645476628245,0.211886292223337,-0.0313515211181857,-0.0313515211181857,-0.0313515211181857
"wFV6","~","wBMI5",3,3,-0.0178539581515986,0.0166561032700695,-1.07191687407953,0.283757370371179,-0.0504993206837146,0.0147914043805173,-0.0449640569901341,-0.0449640569901341,-0.0449640569901341
"wFV6","~","wPA5",3,3,-0.00812150749126363,0.00781056618292143,-1.03981034166538,0.298428023478138,-0.0234299359086561,0.00718692092612886,-0.0373719268073767,-0.0373719268073767,-0.0373719268073767
"wFV6","~","wFV5",3,3,0.107433768457034,0.0384390441600452,2.7949125896503,0.00519137496769884,0.0320946263032009,0.182772910610867,0.106561858456494,0.106561858456494,0.106561858456494
"wBMI7","~","wBMI6",3,3,0.670914524660358,0.0437276892953103,15.3430134423388,0,0.585209828514392,0.756619220806324,0.63288727155974,0.63288727155974,0.63288727155974
"wBMI7","~","wPA6",3,3,0.000342181690330765,0.0208741581413722,0.0163925983511913,0.986921184617382,-0.0405704164743523,0.0412547798550138,0.00047412777039024,0.00047412777039024,0.00047412777039024
"wBMI7","~","wFV6",3,3,-0.0254807413634002,0.0768972292734567,-0.331360981457307,0.740371833901241,-0.176196541250294,0.125235058523494,-0.00839827399795803,-0.00839827399795803,-0.00839827399795803
"wPA7","~","wBMI6",3,3,-0.0449564748407812,0.0601273410176032,-0.747687725416288,0.454648536619803,-0.162803897721441,0.0728909480398789,-0.0281977238213944,-0.0281977238213944,-0.0281977238213944
"wPA7","~","wPA6",3,3,0.197907953335104,0.0683618969688367,2.89500382684409,0.00379153910287311,0.0639210973613461,0.331894809308862,0.182332677362036,0.182332677362036,0.182332677362036
"wPA7","~","wFV6",3,3,-0.162898490605797,0.144560496024234,-1.12685342874369,0.259804456441007,-0.446231856400542,0.120434875188947,-0.0356991335676518,-0.0356991335676518,-0.0356991335676518
"wFV7","~","wBMI6",3,3,-0.0218756734412015,0.0113757611152292,-1.9230074559069,0.0544791134991283,-0.0441717555237818,0.000420408641378857,-0.0613839238669904,-0.0613839238669904,-0.0613839238669904
"wFV7","~","wPA6",3,3,0.00952195228226598,0.00999935066658792,0.952257061459287,0.340966628448108,-0.0100764148930329,0.0291203194575649,0.0392462959410205,0.0392462959410205,0.0392462959410205
"wFV7","~","wFV6",3,3,0.157412944159643,0.0372447121586671,4.22645081774412,2.37406131244899e-05,0.0844146497140942,0.230411238605191,0.154330750923309,0.154330750923309,0.154330750923309
"wBMI1","~~","wPA1",3,3,-0.308523832130224,0.131614478312291,-2.34414812174514,0.0190705960323667,-0.566483469466343,-0.0505641947941048,-0.121887984653181,-0.121887984653181,-0.121887984653181
"wBMI1","~~","wFV1",3,3,-0.0136889606765448,0.0234365489258804,-0.584086023920886,0.559162437303635,-0.0596237524931814,0.0322458311400917,-0.0242802521499518,-0.0242802521499518,-0.0242802521499518
"wPA1","~~","wFV1",3,3,0.0898524126421304,0.0334480522773328,2.68632720067296,0.00722423050268284,0.0242954348255451,0.155409390458716,0.0872672310457292,0.0872672310457292,0.0872672310457292
"wBMI2","~~","wPA2",3,3,-0.164694977408715,0.0795825799833047,-2.06948527483359,0.0385005717184324,-0.320673967972771,-0.00871598684465977,-0.0860075293338002,-0.0860075293338002,-0.0860075293338002
"wBMI2","~~","wFV2",3,3,0.00179009490572946,0.0169206836355314,0.105793296789172,0.915746355330783,-0.0313738356137083,0.0349540254251672,0.00390775623381053,0.00390775623381053,0.00390775623381053
"wPA2","~~","wFV2",3,3,0.0379243623405484,0.0280279274660594,1.35309192541879,0.176026264907824,-0.017009366054229,0.0928580907353258,0.0409745982241143,0.0409745982241143,0.0409745982241143
"wBMI3","~~","wPA3",3,3,-0.271104106193721,0.0954658743599596,-2.83980121704545,0.0045141654069889,-0.458213781691867,-0.0839944306955744,-0.148486831292144,-0.148486831292144,-0.148486831292144
"wBMI3","~~","wFV3",3,3,-0.0153000521979654,0.0176001812279258,-0.869312196268139,0.384676393739107,-0.0497957735260778,0.019195669130147,-0.0381499374615096,-0.0381499374615096,-0.0381499374615096
"wPA3","~~","wFV3",3,3,0.0391319955200693,0.0268145126510737,1.45935881920652,0.144466374117637,-0.0134234835390288,0.0916874745791674,0.0417536218748536,0.0417536218748536,0.0417536218748536
"wBMI4","~~","wPA4",3,3,-0.174855664353101,0.0652422051212594,-2.68010046607274,0.00736000667772774,-0.302728036662744,-0.0469832920434576,-0.0884423552156685,-0.0884423552156685,-0.0884423552156685
"wBMI4","~~","wFV4",3,3,-0.0155813153085938,0.0152560220576274,-1.02132228504506,0.307101771572908,-0.0454825690888921,0.0143199384717045,-0.0350548117687562,-0.0350548117687562,-0.0350548117687562
"wPA4","~~","wFV4",3,3,0.00618905397926593,0.0248397641786121,0.249159127871066,0.803237693797396,-0.0424959891952818,0.0548740971538137,0.00688004985303588,0.00688004985303588,0.00688004985303588
"wBMI5","~~","wPA5",3,3,-0.0629325573555616,0.0679498720022091,-0.926161529097738,0.35436204202123,-0.196111859233998,0.0702467445228748,-0.0283737296253381,-0.0283737296253381,-0.0283737296253381
"wBMI5","~~","wFV5",3,3,-0.0182061283834633,0.0155407781785867,-1.17150686884838,0.241395098475322,-0.0486654939052193,0.0122532371382926,-0.0381636450584297,-0.0381636450584297,-0.0381636450584297
"wPA5","~~","wFV5",3,3,0.0272340665545016,0.0294035373832814,0.926217352677662,0.354333036344314,-0.0303958077348071,0.0848639408438103,0.0282269455755558,0.0282269455755558,0.0282269455755558
"wBMI6","~~","wPA6",3,3,-0.0429045782987508,0.0593026956996414,-0.723484451972564,0.469382302956771,-0.159135726056186,0.0733265694586847,-0.0222903676815487,-0.0222903676815487,-0.0222903676815487
"wBMI6","~~","wFV6",3,3,-0.0357809708978205,0.0139112593279441,-2.57208711694029,0.0101087451281028,-0.0630465381601878,-0.00851540363545319,-0.0773609446256492,-0.0773609446256492,-0.0773609446256492
"wPA6","~~","wFV6",3,3,0.00342731387045802,0.0286276584188508,0.119720370430339,0.904704663150807,-0.0526818655922044,0.0595364933331205,0.0038735865064378,0.0038735865064378,0.0038735865064378
"wBMI7","~~","wPA7",3,3,-0.0120236038625642,0.0663677491480499,-0.181166364942445,0.856236994598095,-0.142102001927731,0.118054794202602,-0.00529594486060022,-0.00529594486060022,-0.00529594486060022
"wBMI7","~~","wFV7",3,3,-0.0311470786875462,0.0145366332706004,-2.14266110369171,0.0321403208047855,-0.0596383563543897,-0.00265580102070281,-0.0612360261124617,-0.0612360261124617,-0.0612360261124617
"wPA7","~~","wFV7",3,3,0.0225529132751223,0.0283940360828654,0.794283461826409,0.427030429683767,-0.0330983748230247,0.0782042013732694,0.0232198975035283,0.0232198975035283,0.0232198975035283
"riBMI","~~","riBMI",3,3,13.4831902776474,0.666669798485744,20.2246904063642,0,12.1765414830348,14.78983907226,0.909095210235653,0.909095210235653,0.909095210235653
"riPA","~~","riPA",3,3,3.93137372691095,0.34293862247002,11.463782348559,0,3.25922637796193,4.60352107585996,0.982687162724479,0.982687162724479,0.982687162724479
"riFV","~~","riFV",3,3,0.234810935676957,0.00748598450631275,31.3667408046258,0,0.220138675655759,0.249483195698154,0.88083339247341,0.88083339247341,0.88083339247341
"riBMI","~~","riPA",3,3,-0.801019047116739,0.174837051598232,-4.5815177034525,4.61613518210058e-06,-1.14369337141244,-0.458344722821033,-0.110020685339872,-0.110020685339872,-0.110020685339872
"riBMI","~~","riFV",3,3,-0.0941210867366186,0.0426106211546877,-2.2088644611618,0.0271840697730612,-0.177636369558687,-0.0106058039145503,-0.0528970486629863,-0.0528970486629863,-0.0528970486629863
"riPA","~~","riFV",3,3,0.157848705562167,0.0278081869691177,5.67633933623453,1.37607676364837e-08,0.103345660627341,0.212351750496994,0.164289459099778,0.164289459099778,0.164289459099778
"wBMI1","~~","wBMI1",3,3,1.38601061807378,0.182029704149041,7.61420024579586,2.64233079860787e-14,1.02923895382517,1.74278228232238,1,1,1
"wPA1","~~","wPA1",3,3,4.62262947461449,0.490752626552458,9.41946965641023,0,3.66077200125324,5.58448694797575,1,1,1
"wFV1","~~","wFV1",3,3,0.229333769418826,0.0105505947588671,21.7365726445028,0,0.20865498367597,0.250012555161683,1,1,1
"wBMI2","~~","wBMI2",3,3,0.947739303056342,0.104506495427998,9.06871194153966,0,0.742910335866967,1.15256827024572,0.794988428152079,0.794988428152079,0.794988428152079
"wPA2","~~","wPA2",3,3,3.86900128692771,0.405641952562487,9.53797126378763,0,3.07395766928673,4.66404490456869,0.755829470064315,0.755829470064315,0.755829470064315
"wFV2","~~","wFV2",3,3,0.221415639091418,0.00907616995521028,24.3952724755128,0,0.203626672861641,0.239204605321194,0.948752853190593,0.948752853190593,0.948752853190593
"wBMI3","~~","wBMI3",3,3,0.781284839124125,0.109815340507631,7.11453277395093,1.12287956710588e-12,0.566050726779165,0.996518951469085,0.897972827629632,0.897972827629632,0.897972827629632
"wPA3","~~","wPA3",3,3,4.26664898528409,0.396470817174012,10.76157134514,0,3.48958046270186,5.04371750786632,0.851838490155126,0.851838490155126,0.851838490155126
"wFV3","~~","wFV3",3,3,0.205867962999722,0.00900545484443978,22.8603625864418,0,0.188217595840218,0.223518330159226,0.993241084575075,0.993241084575075,0.993241084575075
"wBMI4","~~","wBMI4",3,3,0.976884452472159,0.116047534985688,8.41796814204316,0,0.749435463405559,1.20433344153876,0.84778870611816,0.84778870611816,0.84778870611816
"wPA4","~~","wPA4",3,3,4.00124933456467,0.346570176515601,11.5452788661535,0,3.3219842704784,4.68051439865093,0.839914129175528,0.839914129175528,0.839914129175528
"wFV4","~~","wFV4",3,3,0.20224125694212,0.00841674911437759,24.0284288142377,0,0.18574473181103,0.218737782073209,0.980359439139783,0.980359439139783,0.980359439139783
"wBMI5","~~","wBMI5",3,3,1.09667539206653,0.0995234229663534,11.0192692270773,0,0.901613067434335,1.29173771669873,0.801069512597393,0.801069512597393,0.801069512597393
"wPA5","~~","wPA5",3,3,4.48579900202613,0.546529149557109,8.20779459917423,2.22044604925031e-16,3.41462155239289,5.55697645165936,0.981468099507984,0.981468099507984,0.981468099507984
"wFV5","~~","wFV5",3,3,0.207518780771678,0.00920407855047268,22.5463939310927,0,0.189479118301873,0.225558443241482,0.97721362522445,0.97721362522445,0.97721362522445
"wBMI6","~~","wBMI6",3,3,1.00618107091134,0.0663532837143236,15.1639981412727,0,0.876131024575301,1.13623111724739,0.569072798745782,0.569072798745782,0.569072798745782
"wPA6","~~","wPA6",3,3,3.68210923360714,0.399276143381509,9.22196152873796,0,2.89954237269333,4.46467609452095,0.96522694073699,0.96522694073699,0.96522694073699
"wFV6","~~","wFV6",3,3,0.212610432278448,0.0090350896204327,23.5316351259685,0,0.194901982025308,0.230318882531587,0.985005441345308,0.985005441345308,0.985005441345308
"wBMI7","~~","wBMI7",3,3,1.1889379057691,0.0985895177167003,12.0594758276995,0,0.99570600179119,1.382169809747,0.598369147104242,0.598369147104242,0.598369147104242
"wPA7","~~","wPA7",3,3,4.33534072662283,0.41577705935424,10.4270801601133,0,3.52043266469055,5.15024878855511,0.96462502776615,0.96462502776615,0.96462502776615
"wFV7","~~","wFV7",3,3,0.217601290904862,0.00987397708935227,22.0378565734688,0,0.198248651425558,0.236953930384166,0.969035264009668,0.969035264009668,0.969035264009668
"BMI1","~~","BMI1",3,3,0,0,NA,NA,0,0,0,0,0
"PA1","~~","PA1",3,3,0,0,NA,NA,0,0,0,0,0
"FV1","~~","FV1",3,3,0,0,NA,NA,0,0,0,0,0
"BMI2","~~","BMI2",3,3,0,0,NA,NA,0,0,0,0,0
"PA2","~~","PA2",3,3,0,0,NA,NA,0,0,0,0,0
"FV2","~~","FV2",3,3,0,0,NA,NA,0,0,0,0,0
"BMI3","~~","BMI3",3,3,0,0,NA,NA,0,0,0,0,0
"PA3","~~","PA3",3,3,0,0,NA,NA,0,0,0,0,0
"FV3","~~","FV3",3,3,0,0,NA,NA,0,0,0,0,0
"BMI4","~~","BMI4",3,3,0,0,NA,NA,0,0,0,0,0
"PA4","~~","PA4",3,3,0,0,NA,NA,0,0,0,0,0
"FV4","~~","FV4",3,3,0,0,NA,NA,0,0,0,0,0
"BMI5","~~","BMI5",3,3,0,0,NA,NA,0,0,0,0,0
"PA5","~~","PA5",3,3,0,0,NA,NA,0,0,0,0,0
"FV5","~~","FV5",3,3,0,0,NA,NA,0,0,0,0,0
"BMI6","~~","BMI6",3,3,0,0,NA,NA,0,0,0,0,0
"PA6","~~","PA6",3,3,0,0,NA,NA,0,0,0,0,0
"FV6","~~","FV6",3,3,0,0,NA,NA,0,0,0,0,0
"BMI7","~~","BMI7",3,3,0,0,NA,NA,0,0,0,0,0
"PA7","~~","PA7",3,3,0,0,NA,NA,0,0,0,0,0
"FV7","~~","FV7",3,3,0,0,NA,NA,0,0,0,0,0
"riBMI","~","female",3,3,-0.506427719515022,0.154656943756465,-3.27452300048347,0.00105840522604495,-0.80954975923673,-0.203305679793315,-0.131500020952246,-0.0657034832930925,-0.131500020952246
"riPA","~","female",3,3,-0.470338899168918,0.0954992696335471,-4.92505231687863,8.43377867099093e-07,-0.65751402820055,-0.283163770137286,-0.235150753241184,-0.11749217585715,-0.235150753241184
"riFV","~","female",3,3,0.257415254262802,0.0221630514950685,11.6146124697711,0,0.213976471544962,0.300854036980643,0.498565250109365,0.249106223283211,0.498565250109365
"riBMI","~","med",3,3,0.651075976142856,0.103728915003104,6.27670670346231,3.45819595182206e-10,0.447771038581355,0.854380913704357,0.169059672693825,0.152883936768898,0.169059672693825
"riPA","~","med",3,3,-0.0747747216506628,0.0548317612286351,-1.36371183371022,0.172658278143581,-0.182242998867687,0.0326935555663617,-0.0373843884709998,-0.0338074266445271,-0.0373843884709998
"riFV","~","med",3,3,-0.0210594061523146,0.013554150121869,-1.55372383830516,0.120250304327898,-0.0476250522322271,0.00550623992759783,-0.0407881348195637,-0.0368855003994292,-0.0407881348195637
"riPA","~","age",3,3,-0.00565574769599856,0.00359970618893954,-1.5711692563622,0.116143339154226,-0.012711042181246,0.00139954678924887,-0.00282764902755472,-0.046518952073601,-0.00282764902755472
"riFV","~","age",3,3,0.00859014562781577,0.000760209113088266,11.2997140917178,0,0.00710016314544364,0.0100801281101879,0.0166375070338118,0.273711265007805,0.0166375070338118
"riBMI","~","age",3,3,0.0445943696705901,0.0051856269055807,8.59961013057037,0,0.0344307276983901,0.0547580116427902,0.0115794620240191,0.190499044854676,0.0115794620240191
"female","~~","female",3,3,0.249646306361775,0,NA,NA,0.249646306361775,0.249646306361775,0.249646306361775,1,0.249646306361775
"female","~~","med",3,3,-0.0120819391663765,0,NA,NA,-0.0120819391663765,-0.0120819391663765,-0.0120819391663765,-0.0267394357605035,-0.0120819391663765
"female","~~","age",3,3,-0.676570088536966,0,NA,NA,-0.676570088536966,-0.676570088536966,-0.676570088536966,-0.0823087111722473,-0.676570088536966
"med","~~","med",3,3,0.817793523663408,0,NA,NA,0.817793523663408,0.817793523663408,0.817793523663408,1,0.817793523663408
"med","~~","age",3,3,6.21337020831336,0,NA,NA,6.21337020831336,6.21337020831336,6.21337020831336,0.41763893299631,6.21337020831336
"age","~~","age",3,3,270.650503582357,0,NA,NA,270.650503582357,270.650503582357,270.650503582357,1,270.650503582357
"BMI1","~1","",3,3,22.418940826538,0.244873067613829,91.5533139066697,0,21.9389984332311,22.898883219845,22.418940826538,5.56703318562716,5.56703318562716
"BMI2","~1","",3,3,22.5217201663881,0.244067524956614,92.2765950545514,0,22.0433566076773,23.0000837250989,22.5217201663881,5.62628545358918,5.62628545358918
"BMI3","~1","",3,3,22.657321936852,0.243848998466701,92.9153782845906,0,22.1793866821911,23.1352571915129,22.657321936852,5.71792031771582,5.71792031771582
"BMI4","~1","",3,3,22.7312687031018,0.243458561380243,93.3681221733633,0,22.2540986910686,23.208438715135,22.7312687031018,5.68571182879773,5.68571182879773
"BMI5","~1","",3,3,22.7600211569239,0.242556785278422,93.8337846570588,0,22.2846185935724,23.2354237202754,22.7600211569239,5.65469363262059,5.65469363262059
"BMI6","~1","",3,3,22.7940007493686,0.242972538447443,93.8130740824405,0,22.3177833247793,23.2702181739578,22.7940007493686,5.5946440891067,5.5946440891067
"BMI7","~1","",3,3,22.8313872467505,0.241267978759218,94.6308223916273,0,22.3585106977597,23.3042637957413,22.8313872467505,5.56723972205575,5.56723972205575
"PA1","~1","",3,3,3.13930932930681,0.175004963005574,17.9384017195376,0,2.79630590470012,3.4823127539135,3.13930932930681,1.06905052275483,1.06905052275483
"PA2","~1","",3,3,3.0372147287114,0.174135710586252,17.4416535154461,0,2.69591500754006,3.37851444988275,3.0372147287114,1.00574891120259,1.00574891120259
"PA3","~1","",3,3,3.00777425254906,0.174909808583985,17.196143983571,0,2.66495732718166,3.35059117791647,3.00777425254906,1.00206883298512,1.00206883298512
"PA4","~1","",3,3,2.93042891901774,0.17337144357224,16.9026043657339,0,2.59062713366843,3.27023070436705,2.93042891901774,0.98984511346349,0.98984511346349
"PA5","~1","",3,3,2.66253087384553,0.174861698813701,15.2264955213675,0,2.31980824189519,3.00525350579588,2.66253087384553,0.909442993678494,0.909442993678494
"PA6","~1","",3,3,2.6785202472747,0.174989056622457,15.3067871727183,0,2.33554799860604,3.02149249594335,2.6785202472747,0.958118958816035,0.958118958816035
"PA7","~1","",3,3,2.66556149218903,0.174711566979504,15.2569262486309,0,2.32313311322665,3.00798987115142,2.66556149218903,0.914551037127277,0.914551037127277
"FV1","~1","",3,3,1.50437685415018,0.0365442022668547,41.1659513912728,0,1.4327515338634,1.57600217443697,1.50437685415018,2.13626128404372,2.13626128404372
"FV2","~1","",3,3,1.46717203333617,0.0367185727505341,39.9572184709939,0,1.39520495318141,1.53913911349093,1.46717203333617,2.07499083808192,2.07499083808192
"FV3","~1","",3,3,1.48016323454198,0.0367424186255689,40.284861201596,0,1.40814941733097,1.55217705175299,1.48016323454198,2.15025780840056,2.15025780840056
"FV4","~1","",3,3,1.43916895319666,0.0367955737548159,39.1125563848096,0,1.36705095384673,1.51128695254659,1.43916895319666,2.09286101400923,2.09286101400923
"FV5","~1","",3,3,1.45660375417093,0.0365647202249172,39.8363161323552,0,1.3849382194253,1.52826928891655,1.45660375417093,2.10476095366273,2.10476095366273
"FV6","~1","",3,3,1.43327636996036,0.0367583605251891,38.9918470106465,0,1.36123130720025,1.50532143272047,1.43327636996036,2.06354995966187,2.06354995966187
"FV7","~1","",3,3,1.47337725892444,0.0371167045687572,39.6957993992993,0,1.40062985474487,1.54612466310402,1.47337725892444,2.10239604662361,2.10239604662361
"female","~1","",3,3,0.518806744487678,0,NA,NA,0.518806744487678,0.518806744487678,0.518806744487678,1.03834826330233,0.518806744487678
"med","~1","",3,3,0.584954604409857,0,NA,NA,0.584954604409857,0.584954604409857,0.584954604409857,0.646845156216533,0.584954604409857
"age","~1","",3,3,44.1932555123217,0,NA,NA,44.1932555123217,44.1932555123217,44.1932555123217,2.68628183575977,44.1932555123217
"riBMI","~1","",3,3,0,0,NA,NA,0,0,0,0,0
"riPA","~1","",3,3,0,0,NA,NA,0,0,0,0,0
"riFV","~1","",3,3,0,0,NA,NA,0,0,0,0,0
"wBMI1","~1","",3,3,0,0,NA,NA,0,0,0,0,0
"wPA1","~1","",3,3,0,0,NA,NA,0,0,0,0,0
"wFV1","~1","",3,3,0,0,NA,NA,0,0,0,0,0
"wBMI2","~1","",3,3,0,0,NA,NA,0,0,0,0,0
"wPA2","~1","",3,3,0,0,NA,NA,0,0,0,0,0
"wFV2","~1","",3,3,0,0,NA,NA,0,0,0,0,0
"wBMI3","~1","",3,3,0,0,NA,NA,0,0,0,0,0
"wPA3","~1","",3,3,0,0,NA,NA,0,0,0,0,0
"wFV3","~1","",3,3,0,0,NA,NA,0,0,0,0,0
"wBMI4","~1","",3,3,0,0,NA,NA,0,0,0,0,0
"wPA4","~1","",3,3,0,0,NA,NA,0,0,0,0,0
"wFV4","~1","",3,3,0,0,NA,NA,0,0,0,0,0
"wBMI5","~1","",3,3,0,0,NA,NA,0,0,0,0,0
"wPA5","~1","",3,3,0,0,NA,NA,0,0,0,0,0
"wFV5","~1","",3,3,0,0,NA,NA,0,0,0,0,0
"wBMI6","~1","",3,3,0,0,NA,NA,0,0,0,0,0
"wPA6","~1","",3,3,0,0,NA,NA,0,0,0,0,0
"wFV6","~1","",3,3,0,0,NA,NA,0,0,0,0,0
"wBMI7","~1","",3,3,0,0,NA,NA,0,0,0,0,0
"wPA7","~1","",3,3,0,0,NA,NA,0,0,0,0,0
"wFV7","~1","",3,3,0,0,NA,NA,0,0,0,0,0
